name,set,type,type_2,type_3,type_4,cost,additional_cost,number_of_cards,modify_cost,in_supply,on_trash_effect,on_gain_effect,trasher,special_setup,curse,cost_reducer,associated_token,associated_token_2,associated_mat,called_cards
Alms,Adventures,Event,N/A,N/A,N/A,0,N/A,1,FALSE,FALSE,FALSE,FALSE,FALSE,FALSE,FALSE,FALSE,N/A,N/A,N/A,N/A
Amulet,Adventures,Action,Duration,N/A,N/A,3,N/A,10,FALSE,TRUE,FALSE,FALSE,TRUE,FALSE,FALSE,FALSE,N/A,N/A,N/A,N/A
Artificer,Adventures,Action,N/A,N/A,N/A,5,N/A,10,FALSE,TRUE,FALSE,FALSE,FALSE,FALSE,FALSE,FALSE,N/A,N/A,N/A,N/A
Ball,Adventures,Event,N/A,N/A,N/A,5,N/A,1,FALSE,FALSE,FALSE,FALSE,FALSE,FALSE,FALSE,FALSE,-1 Money,N/A,N/A,N/A
Bonfire,Adventures,Event,N/A,N/A,N/A,3,N/A,1,FALSE,FALSE,FALSE,FALSE,TRUE,FALSE,FALSE,FALSE,N/A,N/A,N/A,N/A
Borrow,Adventures,Event,N/A,N/A,N/A,0,N/A,1,FALSE,FALSE,FALSE,FALSE,FALSE,FALSE,FALSE,FALSE,-1 Card,N/A,N/A,N/A
Bridge Troll,Adventures,Action,Attack,Duration,N/A,5,N/A,10,FALSE,TRUE,FALSE,FALSE,FALSE,FALSE,FALSE,TRUE,-1 Money,N/A,N/A,N/A
Caravan Guard,Adventures,Action,Duration,Reaction,N/A,3,N/A,10,FALSE,TRUE,FALSE,FALSE,FALSE,FALSE,FALSE,FALSE,N/A,N/A,N/A,N/A
Champion,Adventures,Action,Duration,N/A,N/A,6,N/A,5,FALSE,FALSE,FALSE,FALSE,FALSE,FALSE,FALSE,FALSE,N/A,N/A,N/A,N/A
Coin Of The Realm,Adventures,Treasure,Reserve,N/A,N/A,2,N/A,10,FALSE,TRUE,FALSE,FALSE,FALSE,FALSE,FALSE,FALSE,N/A,N/A,Tavern,N/A
Disciple,Adventures,Action,Traveller,N/A,N/A,5,N/A,5,FALSE,FALSE,FALSE,FALSE,FALSE,FALSE,FALSE,FALSE,N/A,N/A,N/A,N/A
Distant Lands,Adventures,Action,Reserve,Victory,N/A,5,N/A,12,FALSE,TRUE,FALSE,FALSE,FALSE,FALSE,FALSE,FALSE,N/A,N/A,Tavern,N/A
Dungeon,Adventures,Action,Duration,N/A,N/A,3,N/A,10,FALSE,TRUE,FALSE,FALSE,FALSE,FALSE,FALSE,FALSE,N/A,N/A,N/A,N/A
Duplicate,Adventures,Action,Reserve,N/A,N/A,4,N/A,10,FALSE,TRUE,FALSE,FALSE,FALSE,FALSE,FALSE,FALSE,N/A,N/A,Tavern,N/A
Expedition,Adventures,Event,N/A,N/A,N/A,3,N/A,1,FALSE,FALSE,FALSE,FALSE,FALSE,FALSE,FALSE,FALSE,N/A,N/A,N/A,N/A
Ferry,Adventures,Event,N/A,N/A,N/A,3,N/A,1,FALSE,FALSE,FALSE,FALSE,FALSE,FALSE,FALSE,TRUE,-2 Cost,N/A,N/A,N/A
Fugitive,Adventures,Action,Traveller,N/A,N/A,4,N/A,5,FALSE,FALSE,FALSE,FALSE,FALSE,FALSE,FALSE,FALSE,N/A,N/A,N/A,N/A
Gear,Adventures,Action,Duration,N/A,N/A,3,N/A,10,FALSE,TRUE,FALSE,FALSE,FALSE,FALSE,FALSE,FALSE,N/A,N/A,N/A,N/A
Giant,Adventures,Action,Attack,N/A,N/A,5,N/A,10,FALSE,TRUE,FALSE,FALSE,FALSE,FALSE,FALSE,FALSE,Journey,N/A,N/A,N/A
Guide,Adventures,Action,Reserve,N/A,N/A,3,N/A,10,FALSE,TRUE,FALSE,FALSE,FALSE,FALSE,FALSE,FALSE,N/A,N/A,Tavern,N/A
Haunted Woods,Adventures,Action,Attack,Duration,N/A,5,N/A,10,FALSE,TRUE,FALSE,FALSE,FALSE,FALSE,FALSE,FALSE,N/A,N/A,N/A,N/A
Hero,Adventures,Action,Traveller,N/A,N/A,5,N/A,5,FALSE,FALSE,FALSE,FALSE,FALSE,FALSE,FALSE,FALSE,N/A,N/A,N/A,N/A
Hireling,Adventures,Action,Duration,N/A,N/A,6,N/A,10,FALSE,TRUE,FALSE,FALSE,FALSE,FALSE,FALSE,FALSE,N/A,N/A,N/A,N/A
Inheritance,Adventures,Event,N/A,N/A,N/A,7,N/A,1,FALSE,FALSE,FALSE,FALSE,FALSE,FALSE,FALSE,FALSE,Estate,N/A,N/A,N/A
Lost Arts,Adventures,Event,N/A,N/A,N/A,6,N/A,1,FALSE,FALSE,FALSE,FALSE,FALSE,FALSE,FALSE,FALSE,+1 Action,N/A,N/A,N/A
Lost City,Adventures,Action,N/A,N/A,N/A,5,N/A,10,FALSE,TRUE,FALSE,TRUE,FALSE,FALSE,FALSE,FALSE,N/A,N/A,N/A,N/A
Magpie,Adventures,Action,N/A,N/A,N/A,4,N/A,10,FALSE,TRUE,FALSE,FALSE,FALSE,FALSE,FALSE,FALSE,N/A,N/A,N/A,N/A
Messenger,Adventures,Action,N/A,N/A,N/A,4,N/A,10,FALSE,TRUE,FALSE,FALSE,FALSE,FALSE,FALSE,FALSE,N/A,N/A,N/A,N/A
Miser,Adventures,Action,N/A,N/A,N/A,4,N/A,10,FALSE,TRUE,FALSE,FALSE,FALSE,FALSE,FALSE,FALSE,N/A,N/A,Tavern,N/A
Mission,Adventures,Event,N/A,N/A,N/A,4,N/A,1,FALSE,FALSE,FALSE,FALSE,FALSE,FALSE,FALSE,FALSE,N/A,N/A,N/A,N/A
Page,Adventures,Action,Traveller,N/A,N/A,2,N/A,10,FALSE,TRUE,FALSE,FALSE,FALSE,FALSE,FALSE,FALSE,N/A,N/A,N/A,"Treasure Hunter, Warrior, Hero, Champion"
Pathfinding,Adventures,Event,N/A,N/A,N/A,8,N/A,1,FALSE,FALSE,FALSE,FALSE,FALSE,FALSE,FALSE,FALSE,+1 Card,N/A,N/A,N/A
Peasant,Adventures,Action,Traveller,N/A,N/A,2,N/A,10,FALSE,TRUE,FALSE,FALSE,FALSE,FALSE,FALSE,FALSE,N/A,N/A,N/A,"Soldier, Fugitive, Disiple, Teacher"
Pilgrimage,Adventures,Event,N/A,N/A,N/A,4,N/A,1,FALSE,FALSE,FALSE,FALSE,FALSE,FALSE,FALSE,FALSE,Journey,N/A,N/A,N/A
Plan,Adventures,Event,N/A,N/A,N/A,3,N/A,1,FALSE,FALSE,FALSE,FALSE,FALSE,FALSE,FALSE,FALSE,Trashing,N/A,N/A,N/A
Port,Adventures,Action,N/A,N/A,N/A,4,N/A,12,FALSE,TRUE,FALSE,FALSE,FALSE,FALSE,FALSE,FALSE,N/A,N/A,N/A,N/A
Quest,Adventures,Event,N/A,N/A,N/A,0,N/A,1,FALSE,FALSE,FALSE,FALSE,FALSE,FALSE,FALSE,FALSE,N/A,N/A,N/A,N/A
Raid,Adventures,Event,N/A,N/A,N/A,5,N/A,1,FALSE,FALSE,FALSE,FALSE,FALSE,FALSE,FALSE,FALSE,-1 Card,N/A,N/A,N/A
Ranger,Adventures,Action,N/A,N/A,N/A,4,N/A,10,FALSE,TRUE,FALSE,FALSE,FALSE,FALSE,FALSE,FALSE,Journey,N/A,N/A,N/A
Ratcatcher,Adventures,Action,Reserve,N/A,N/A,2,N/A,10,FALSE,TRUE,FALSE,FALSE,TRUE,FALSE,FALSE,FALSE,N/A,N/A,Tavern,N/A
Raze,Adventures,Action,N/A,N/A,N/A,2,N/A,10,FALSE,TRUE,FALSE,FALSE,TRUE,FALSE,FALSE,FALSE,N/A,N/A,N/A,N/A
Relic,Adventures,Treasure,Attack,N/A,N/A,5,N/A,10,FALSE,TRUE,FALSE,FALSE,FALSE,FALSE,FALSE,FALSE,-1 Card,N/A,N/A,N/A
Royal Carriage,Adventures,Action,Reserve,N/A,N/A,5,N/A,10,FALSE,TRUE,FALSE,FALSE,FALSE,FALSE,FALSE,FALSE,N/A,N/A,Tavern,N/A
Save,Adventures,Event,N/A,N/A,N/A,1,N/A,1,FALSE,FALSE,FALSE,FALSE,FALSE,FALSE,FALSE,FALSE,N/A,N/A,N/A,N/A
Scouting Party,Adventures,Event,N/A,N/A,N/A,2,N/A,1,FALSE,FALSE,FALSE,FALSE,FALSE,FALSE,FALSE,FALSE,N/A,N/A,N/A,N/A
Seaway,Adventures,Event,N/A,N/A,N/A,5,N/A,1,FALSE,FALSE,FALSE,FALSE,FALSE,FALSE,FALSE,FALSE,+1 Buy,N/A,N/A,N/A
Soldier,Adventures,Action,Attack,Traveller,N/A,3,N/A,5,FALSE,FALSE,FALSE,FALSE,FALSE,FALSE,FALSE,FALSE,N/A,N/A,N/A,N/A
Story Teller,Adventures,Action,N/A,N/A,N/A,5,N/A,10,FALSE,TRUE,FALSE,FALSE,FALSE,FALSE,FALSE,FALSE,N/A,N/A,N/A,N/A
Swamp Hag,Adventures,Action,Attack,Duration,N/A,5,N/A,10,FALSE,TRUE,FALSE,FALSE,FALSE,FALSE,TRUE,FALSE,N/A,N/A,N/A,N/A
Teacher,Adventures,Action,Reserve,N/A,N/A,6,N/A,5,FALSE,FALSE,FALSE,FALSE,FALSE,FALSE,FALSE,FALSE,+1 Money,N/A,Tavern,N/A
Trade,Adventures,Event,N/A,N/A,N/A,5,N/A,1,FALSE,FALSE,FALSE,FALSE,TRUE,FALSE,FALSE,FALSE,N/A,N/A,N/A,N/A
Training,Adventures,Event,N/A,N/A,N/A,6,N/A,1,FALSE,FALSE,FALSE,FALSE,FALSE,FALSE,FALSE,FALSE,+1 Money,N/A,N/A,N/A
Transmogrify,Adventures,Action,Reserve,N/A,N/A,4,N/A,10,FALSE,TRUE,FALSE,FALSE,TRUE,FALSE,FALSE,FALSE,N/A,N/A,Tavern,N/A
Travelling Fair,Adventures,Event,N/A,N/A,N/A,2,N/A,1,FALSE,FALSE,FALSE,FALSE,FALSE,FALSE,FALSE,FALSE,N/A,N/A,N/A,N/A
Treasure Hunter,Adventures,Action,Traveller,N/A,N/A,3,N/A,5,FALSE,FALSE,FALSE,FALSE,FALSE,FALSE,FALSE,FALSE,N/A,N/A,N/A,N/A
Treasure Trove,Adventures,Treasure,N/A,N/A,N/A,5,N/A,10,FALSE,TRUE,FALSE,FALSE,FALSE,FALSE,FALSE,FALSE,N/A,N/A,N/A,N/A
Warrior,Adventures,Action,Attack,Traveller,N/A,4,N/A,5,FALSE,FALSE,FALSE,FALSE,FALSE,FALSE,FALSE,FALSE,N/A,N/A,N/A,N/A
Wine Merchant,Adventures,Action,Reserve,N/A,N/A,5,N/A,10,FALSE,TRUE,FALSE,FALSE,FALSE,FALSE,FALSE,FALSE,N/A,N/A,Tavern,N/A
Alchemist,Alchemy,Action,N/A,N/A,N/A,3,Potion,10,FALSE,TRUE,FALSE,FALSE,FALSE,FALSE,FALSE,FALSE,N/A,N/A,N/A,Potion
Apothecary,Alchemy,Action,N/A,N/A,N/A,2,Potion,10,FALSE,TRUE,FALSE,FALSE,FALSE,FALSE,FALSE,FALSE,N/A,N/A,N/A,Potion
Apprentice,Alchemy,Action,N/A,N/A,N/A,5,N/A,10,FALSE,TRUE,FALSE,FALSE,TRUE,FALSE,FALSE,FALSE,N/A,N/A,N/A,N/A
Familiar,Alchemy,Action,Attack,N/A,N/A,3,Potion,10,FALSE,TRUE,FALSE,FALSE,FALSE,FALSE,TRUE,FALSE,N/A,N/A,N/A,Potion
Golem,Alchemy,Action,N/A,N/A,N/A,4,Potion,10,FALSE,TRUE,FALSE,FALSE,FALSE,FALSE,FALSE,FALSE,N/A,N/A,N/A,Potion
Herbalist,Alchemy,Action,N/A,N/A,N/A,2,N/A,10,FALSE,TRUE,FALSE,FALSE,FALSE,FALSE,FALSE,FALSE,N/A,N/A,N/A,N/A
Philosopher's Stone,Alchemy,Treasure,N/A,N/A,N/A,3,Potion,10,FALSE,TRUE,FALSE,FALSE,FALSE,FALSE,FALSE,FALSE,N/A,N/A,N/A,Potion
Possession,Alchemy,Action,N/A,N/A,N/A,6,Potion,10,FALSE,TRUE,FALSE,FALSE,FALSE,FALSE,FALSE,FALSE,N/A,N/A,N/A,Potion
Potion,Alchemy,Treasure,N/A,N/A,N/A,4,N/A,16,FALSE,TRUE,FALSE,FALSE,FALSE,FALSE,FALSE,FALSE,N/A,N/A,N/A,N/A
Scrying Pool,Alchemy,Action,Attack,N/A,N/A,2,Potion,10,FALSE,TRUE,FALSE,FALSE,FALSE,FALSE,FALSE,FALSE,N/A,N/A,N/A,Potion
Transmute,Alchemy,Action,N/A,N/A,N/A,0,Potion,10,FALSE,TRUE,FALSE,FALSE,TRUE,FALSE,FALSE,FALSE,N/A,N/A,N/A,Potion
University,Alchemy,Action,N/A,N/A,N/A,2,Potion,10,FALSE,TRUE,FALSE,FALSE,FALSE,FALSE,FALSE,FALSE,N/A,N/A,N/A,Potion
Vineyard,Alchemy,Victory,N/A,N/A,N/A,0,Potion,12,FALSE,TRUE,FALSE,FALSE,FALSE,FALSE,FALSE,FALSE,N/A,N/A,N/A,Potion
Copper,Base,Treasure,N/A,N/A,N/A,0,N/A,60,FALSE,TRUE,FALSE,FALSE,FALSE,FALSE,FALSE,FALSE,N/A,N/A,N/A,N/A
Curse,Base,Curse,N/A,N/A,N/A,0,N/A,30,FALSE,TRUE,FALSE,FALSE,FALSE,FALSE,FALSE,FALSE,N/A,N/A,N/A,N/A
Duc,Base,Victory,N/A,N/A,N/A,5,N/A,12,FALSE,TRUE,FALSE,FALSE,FALSE,FALSE,FALSE,FALSE,N/A,N/A,N/A,N/A
Estate,Base,Victory,N/A,N/A,N/A,2,N/A,24,FALSE,TRUE,FALSE,FALSE,FALSE,FALSE,FALSE,FALSE,N/A,N/A,N/A,N/A
Gold,Base,Treasure,N/A,N/A,N/A,6,N/A,30,FALSE,TRUE,FALSE,FALSE,FALSE,FALSE,FALSE,FALSE,N/A,N/A,N/A,N/A
Province,Base,Victory,N/A,N/A,N/A,8,N/A,12,FALSE,TRUE,FALSE,FALSE,FALSE,FALSE,FALSE,FALSE,N/A,N/A,N/A,N/A
Silver,Base,Treasure,N/A,N/A,N/A,3,N/A,40,FALSE,TRUE,FALSE,FALSE,FALSE,FALSE,FALSE,FALSE,N/A,N/A,N/A,N/A
Trash,Base,Trash,N/A,N/A,N/A,N/A,N/A,1,FALSE,FALSE,FALSE,FALSE,FALSE,FALSE,FALSE,FALSE,N/A,N/A,N/A,N/A
Bag Of Gold,Cornucopia,Action,Prize,N/A,N/A,0,N/A,1,FALSE,FALSE,FALSE,FALSE,FALSE,FALSE,FALSE,FALSE,N/A,N/A,N/A,N/A
Diadem,Cornucopia,Treasure,Prize,N/A,N/A,0,N/A,1,FALSE,FALSE,FALSE,FALSE,FALSE,FALSE,FALSE,FALSE,N/A,N/A,N/A,N/A
Fairgrounds,Cornucopia,Victory,N/A,N/A,N/A,6,N/A,12,FALSE,TRUE,FALSE,FALSE,FALSE,FALSE,FALSE,FALSE,N/A,N/A,N/A,N/A
Farming Village,Cornucopia,Action,N/A,N/A,N/A,4,N/A,10,FALSE,TRUE,FALSE,FALSE,FALSE,FALSE,FALSE,FALSE,N/A,N/A,N/A,N/A
Followers,Cornucopia,Action,Attack,Prize,N/A,0,N/A,1,FALSE,FALSE,FALSE,FALSE,FALSE,FALSE,TRUE,FALSE,N/A,N/A,N/A,N/A
Fortune Teller,Cornucopia,Action,Attack,N/A,N/A,3,N/A,10,FALSE,TRUE,FALSE,FALSE,FALSE,FALSE,FALSE,FALSE,N/A,N/A,N/A,N/A
Hamlet,Cornucopia,Action,N/A,N/A,N/A,2,N/A,10,FALSE,TRUE,FALSE,FALSE,FALSE,FALSE,FALSE,FALSE,N/A,N/A,N/A,N/A
Harvest,Cornucopia,Action,N/A,N/A,N/A,5,N/A,10,FALSE,TRUE,FALSE,FALSE,FALSE,FALSE,FALSE,FALSE,N/A,N/A,N/A,N/A
Horn of Plenty,Cornucopia,Treasure,N/A,N/A,N/A,5,N/A,10,FALSE,TRUE,FALSE,FALSE,FALSE,FALSE,FALSE,FALSE,N/A,N/A,N/A,N/A
Horse Traders,Cornucopia,Action,Reaction,N/A,N/A,4,N/A,10,FALSE,TRUE,FALSE,FALSE,FALSE,FALSE,FALSE,FALSE,N/A,N/A,N/A,N/A
Hunting Party,Cornucopia,Action,N/A,N/A,N/A,5,N/A,10,FALSE,TRUE,FALSE,FALSE,FALSE,FALSE,FALSE,FALSE,N/A,N/A,N/A,N/A
Jester,Cornucopia,Action,Attack,N/A,N/A,5,N/A,10,FALSE,TRUE,FALSE,FALSE,FALSE,FALSE,TRUE,FALSE,N/A,N/A,N/A,N/A
Menagerie,Cornucopia,Action,N/A,N/A,N/A,3,N/A,10,FALSE,TRUE,FALSE,FALSE,FALSE,FALSE,FALSE,FALSE,N/A,N/A,N/A,N/A
Princess,Cornucopia,Action,Prize,N/A,N/A,0,N/A,1,FALSE,FALSE,FALSE,FALSE,FALSE,FALSE,FALSE,TRUE,N/A,N/A,N/A,N/A
Remake,Cornucopia,Action,N/A,N/A,N/A,4,N/A,10,FALSE,TRUE,FALSE,FALSE,TRUE,FALSE,FALSE,FALSE,N/A,N/A,N/A,N/A
Tournament,Cornucopia,Action,N/A,N/A,N/A,4,N/A,10,FALSE,TRUE,FALSE,FALSE,FALSE,FALSE,FALSE,FALSE,N/A,N/A,N/A,Prizes
Trusty Steed,Cornucopia,Action,Prize,N/A,N/A,0,N/A,1,FALSE,FALSE,FALSE,FALSE,FALSE,FALSE,FALSE,FALSE,N/A,N/A,N/A,N/A
Young Witch,Cornucopia,Action,Attack,N/A,N/A,4,N/A,10,FALSE,TRUE,FALSE,FALSE,FALSE,TRUE,TRUE,FALSE,N/A,N/A,N/A,N/A
Abandoned Mine,Dark Ages,Action,Ruins,N/A,N/A,0,N/A,10,FALSE,TRUE,FALSE,FALSE,FALSE,FALSE,FALSE,FALSE,N/A,N/A,N/A,N/A
Alter,Dark Ages,Action,N/A,N/A,N/A,6,N/A,10,FALSE,TRUE,FALSE,FALSE,TRUE,FALSE,FALSE,FALSE,N/A,N/A,N/A,N/A
Armory,Dark Ages,Action,N/A,N/A,N/A,4,N/A,10,FALSE,TRUE,FALSE,FALSE,FALSE,FALSE,FALSE,FALSE,N/A,N/A,N/A,N/A
Band Of Misfits,Dark Ages,Action,N/A,N/A,N/A,5,N/A,10,FALSE,TRUE,FALSE,FALSE,FALSE,FALSE,FALSE,FALSE,N/A,N/A,N/A,N/A
Bandit Camp,Dark Ages,Action,N/A,N/A,N/A,5,N/A,10,FALSE,TRUE,FALSE,FALSE,FALSE,FALSE,FALSE,FALSE,N/A,N/A,N/A,Spoils
Begger,Dark Ages,Action,Reaction,N/A,N/A,2,N/A,10,FALSE,TRUE,FALSE,FALSE,FALSE,FALSE,FALSE,FALSE,N/A,N/A,N/A,N/A
Catacombs,Dark Ages,Action,N/A,N/A,N/A,5,N/A,10,FALSE,TRUE,TRUE,FALSE,FALSE,FALSE,FALSE,FALSE,N/A,N/A,N/A,N/A
Count,Dark Ages,Action,N/A,N/A,N/A,5,N/A,10,FALSE,TRUE,FALSE,FALSE,TRUE,FALSE,FALSE,FALSE,N/A,N/A,N/A,N/A
Counterfeit,Dark Ages,Treasure,N/A,N/A,N/A,5,N/A,10,FALSE,TRUE,FALSE,FALSE,TRUE,FALSE,FALSE,FALSE,N/A,N/A,N/A,N/A
Cultist,Dark Ages,Action,Attack,Looter,N/A,5,N/A,10,FALSE,TRUE,TRUE,FALSE,FALSE,FALSE,FALSE,FALSE,N/A,N/A,N/A,Ruins
Dame Anna,Dark Ages,Action,Attack,Knight,N/A,5,N/A,1,FALSE,TRUE,FALSE,FALSE,TRUE,FALSE,FALSE,FALSE,N/A,N/A,N/A,N/A
Dame Josephine,Dark Ages,Action,Attack,Knight,Victory,5,N/A,1,FALSE,TRUE,FALSE,FALSE,FALSE,FALSE,FALSE,FALSE,N/A,N/A,N/A,N/A
Dame Molly,Dark Ages,Action,Attack,Knight,N/A,5,N/A,1,FALSE,TRUE,FALSE,FALSE,FALSE,FALSE,FALSE,FALSE,N/A,N/A,N/A,N/A
Dame Natalie,Dark Ages,Action,Attack,Knight,N/A,5,N/A,1,FALSE,TRUE,FALSE,FALSE,FALSE,FALSE,FALSE,FALSE,N/A,N/A,N/A,N/A
Dame Sylvia,Dark Ages,Action,Attack,Knight,N/A,5,N/A,1,FALSE,TRUE,FALSE,FALSE,FALSE,FALSE,FALSE,FALSE,N/A,N/A,N/A,N/A
Death Cart,Dark Ages,Action,Looter,N/A,N/A,4,N/A,10,FALSE,TRUE,FALSE,TRUE,TRUE,FALSE,FALSE,FALSE,N/A,N/A,N/A,Ruins
Feodum,Dark Ages,Victory,N/A,N/A,N/A,4,N/A,12,FALSE,TRUE,TRUE,FALSE,FALSE,FALSE,FALSE,FALSE,N/A,N/A,N/A,N/A
Forager,Dark Ages,Action,N/A,N/A,N/A,3,N/A,10,FALSE,TRUE,FALSE,FALSE,TRUE,FALSE,FALSE,FALSE,N/A,N/A,N/A,N/A
Fortress,Dark Ages,Action,N/A,N/A,N/A,4,N/A,10,FALSE,TRUE,TRUE,FALSE,FALSE,FALSE,FALSE,FALSE,N/A,N/A,N/A,N/A
Graverobber,Dark Ages,Action,N/A,N/A,N/A,5,N/A,10,FALSE,TRUE,FALSE,FALSE,TRUE,FALSE,FALSE,FALSE,N/A,N/A,N/A,N/A
Hermit,Dark Ages,Action,N/A,N/A,N/A,3,N/A,10,FALSE,TRUE,FALSE,FALSE,TRUE,FALSE,FALSE,FALSE,N/A,N/A,N/A,Madman
Hovel,Dark Ages,Reaction,Shelter,N/A,N/A,1,N/A,6,FALSE,FALSE,FALSE,FALSE,FALSE,TRUE,FALSE,FALSE,N/A,N/A,N/A,N/A
Hunting Grounds,Dark Ages,Action,N/A,N/A,N/A,6,N/A,10,FALSE,TRUE,TRUE,FALSE,FALSE,FALSE,FALSE,FALSE,N/A,N/A,N/A,N/A
Iron Monger,Dark Ages,Action,N/A,N/A,N/A,4,N/A,10,FALSE,TRUE,FALSE,FALSE,FALSE,FALSE,FALSE,FALSE,N/A,N/A,N/A,N/A
Junk Dealer,Dark Ages,Action,N/A,N/A,N/A,5,N/A,10,FALSE,TRUE,FALSE,FALSE,TRUE,FALSE,FALSE,FALSE,N/A,N/A,N/A,N/A
Madman,Dark Ages,Action,N/A,N/A,N/A,0,N/A,10,FALSE,FALSE,FALSE,FALSE,FALSE,FALSE,FALSE,FALSE,N/A,N/A,N/A,N/A
Marauder,Dark Ages,Action,Attack,Looter,N/A,4,N/A,10,FALSE,TRUE,FALSE,FALSE,FALSE,FALSE,FALSE,FALSE,N/A,N/A,N/A,"Spoils, Ruins"
Market Square,Dark Ages,Action,Reaction,N/A,N/A,3,N/A,10,FALSE,TRUE,FALSE,FALSE,FALSE,FALSE,FALSE,FALSE,N/A,N/A,N/A,N/A
Mercenary,Dark Ages,Action,Attack,N/A,N/A,0,N/A,10,FALSE,FALSE,FALSE,FALSE,TRUE,FALSE,FALSE,FALSE,N/A,N/A,N/A,N/A
Mystic,Dark Ages,Action,N/A,N/A,N/A,5,N/A,10,FALSE,TRUE,FALSE,FALSE,FALSE,FALSE,FALSE,FALSE,N/A,N/A,N/A,N/A
Necropolis,Dark Ages,Action,Shelter,N/A,N/A,1,N/A,6,FALSE,FALSE,FALSE,FALSE,FALSE,TRUE,FALSE,FALSE,N/A,N/A,N/A,N/A
Overgrown Estate,Dark Ages,Victory,Shelter,N/A,N/A,1,N/A,6,FALSE,FALSE,TRUE,FALSE,FALSE,TRUE,FALSE,FALSE,N/A,N/A,N/A,N/A
Pillage,Dark Ages,Action,Attack,N/A,N/A,5,N/A,10,FALSE,TRUE,FALSE,FALSE,FALSE,FALSE,FALSE,FALSE,N/A,N/A,N/A,Spoils
Poor House,Dark Ages,Action,N/A,N/A,N/A,1,N/A,10,FALSE,TRUE,FALSE,FALSE,FALSE,FALSE,FALSE,FALSE,N/A,N/A,N/A,N/A
Procession,Dark Ages,Action,N/A,N/A,N/A,4,N/A,10,FALSE,TRUE,FALSE,FALSE,TRUE,FALSE,FALSE,FALSE,N/A,N/A,N/A,N/A
Rats,Dark Ages,Action,N/A,N/A,N/A,4,N/A,20,FALSE,TRUE,TRUE,FALSE,TRUE,FALSE,FALSE,FALSE,N/A,N/A,N/A,N/A
Rebuild,Dark Ages,Action,N/A,N/A,N/A,5,N/A,10,FALSE,TRUE,FALSE,FALSE,TRUE,FALSE,FALSE,FALSE,N/A,N/A,N/A,N/A
Rogue,Dark Ages,Action,Attack,N/A,N/A,5,N/A,10,FALSE,TRUE,FALSE,FALSE,FALSE,FALSE,FALSE,FALSE,N/A,N/A,N/A,N/A
Ruined Library,Dark Ages,Action ,Ruins,N/A,N/A,0,N/A,10,FALSE,TRUE,FALSE,FALSE,FALSE,FALSE,FALSE,FALSE,N/A,N/A,N/A,N/A
Ruined Market,Dark Ages,Action,Ruins,N/A,N/A,0,N/A,10,FALSE,TRUE,FALSE,FALSE,FALSE,FALSE,FALSE,FALSE,N/A,N/A,N/A,N/A
Ruined Village,Dark Ages,Action,Ruins,N/A,N/A,0,N/A,10,FALSE,TRUE,FALSE,FALSE,FALSE,FALSE,FALSE,FALSE,N/A,N/A,N/A,N/A
Sage,Dark Ages,Action,N/A,N/A,N/A,3,N/A,10,FALSE,TRUE,FALSE,FALSE,FALSE,FALSE,FALSE,FALSE,N/A,N/A,N/A,N/A
Scavenger,Dark Ages,Action,N/A,N/A,N/A,4,N/A,10,FALSE,TRUE,FALSE,FALSE,FALSE,FALSE,FALSE,FALSE,N/A,N/A,N/A,N/A
Sir Bailey,Dark Ages,Action,Attack,Knight,N/A,5,N/A,1,FALSE,TRUE,FALSE,FALSE,FALSE,FALSE,FALSE,FALSE,N/A,N/A,N/A,N/A
Sir Destry,Dark Ages,Action,Attack,Knight,N/A,5,N/A,1,FALSE,TRUE,FALSE,FALSE,FALSE,FALSE,FALSE,FALSE,N/A,N/A,N/A,N/A
Sir Martin,Dark Ages,Action,Attack,Knight,N/A,4,N/A,1,FALSE,TRUE,FALSE,FALSE,FALSE,FALSE,FALSE,FALSE,N/A,N/A,N/A,N/A
Sir Michael,Dark Ages,Action,Attack,Knight,N/A,5,N/A,1,FALSE,TRUE,FALSE,FALSE,FALSE,FALSE,FALSE,FALSE,N/A,N/A,N/A,N/A
Sir Vander,Dark Ages,Action,Attack,Knight,N/A,5,N/A,1,FALSE,TRUE,TRUE,FALSE,FALSE,FALSE,FALSE,FALSE,N/A,N/A,N/A,N/A
Spoils,Dark Ages,Treasure,N/A,N/A,N/A,0,N/A,15,FALSE,FALSE,FALSE,FALSE,FALSE,FALSE,FALSE,FALSE,N/A,N/A,N/A,N/A
Squire,Dark Ages,Action,N/A,N/A,N/A,2,N/A,10,FALSE,TRUE,TRUE,FALSE,FALSE,FALSE,FALSE,FALSE,N/A,N/A,N/A,N/A
Storeroom,Dark Ages,Action,N/A,N/A,N/A,3,N/A,10,FALSE,TRUE,FALSE,FALSE,FALSE,FALSE,FALSE,FALSE,N/A,N/A,N/A,N/A
Survivors,Dark Ages,Action,Ruins,N/A,N/A,0,N/A,10,FALSE,TRUE,FALSE,FALSE,FALSE,FALSE,FALSE,FALSE,N/A,N/A,N/A,N/A
Urchin,Dark Ages,Action,Attack,N/A,N/A,3,N/A,10,FALSE,TRUE,FALSE,FALSE,FALSE,FALSE,FALSE,FALSE,N/A,N/A,N/A,Mercenary
Vagrant,Dark Ages,Action,N/A,N/A,N/A,2,N/A,10,FALSE,TRUE,FALSE,FALSE,FALSE,FALSE,FALSE,FALSE,N/A,N/A,N/A,N/A
Wandering Minstrel,Dark Ages,Action,N/A,N/A,N/A,4,N/A,10,FALSE,TRUE,FALSE,FALSE,FALSE,FALSE,FALSE,FALSE,N/A,N/A,N/A,N/A
Adventurer,Dominion 1st Edition,Action,N/A,N/A,N/A,6,N/A,10,FALSE,TRUE,FALSE,FALSE,FALSE,FALSE,FALSE,FALSE,N/A,N/A,N/A,N/A
Bureucrat,Dominion 1st Edition,Action,Attack,N/A,N/A,4,N/A,10,FALSE,TRUE,FALSE,FALSE,FALSE,FALSE,FALSE,FALSE,N/A,N/A,N/A,N/A
Cellar,Dominion 1st Edition,Action,N/A,N/A,N/A,2,N/A,10,FALSE,TRUE,FALSE,FALSE,FALSE,FALSE,FALSE,FALSE,N/A,N/A,N/A,N/A
Chancellor,Dominion 1st Edition,Action,N/A,N/A,N/A,3,N/A,10,FALSE,TRUE,FALSE,FALSE,FALSE,FALSE,FALSE,FALSE,N/A,N/A,N/A,N/A
Chapel,Dominion 1st Edition,Action,N/A,N/A,N/A,2,N/A,10,FALSE,TRUE,FALSE,FALSE,TRUE,FALSE,FALSE,FALSE,N/A,N/A,N/A,N/A
Council Room,Dominion 1st Edition,Action,N/A,N/A,N/A,5,N/A,10,FALSE,TRUE,FALSE,FALSE,FALSE,FALSE,FALSE,FALSE,N/A,N/A,N/A,N/A
Feast,Dominion 1st Edition,Action,N/A,N/A,N/A,4,N/A,10,FALSE,TRUE,FALSE,FALSE,FALSE,FALSE,FALSE,FALSE,N/A,N/A,N/A,N/A
Festival,Dominion 1st Edition,Action,N/A,N/A,N/A,5,N/A,10,FALSE,TRUE,FALSE,FALSE,FALSE,FALSE,FALSE,FALSE,N/A,N/A,N/A,N/A
Gardens,Dominion 1st Edition,Victory,N/A,N/A,N/A,4,N/A,12,FALSE,TRUE,FALSE,FALSE,FALSE,FALSE,FALSE,FALSE,N/A,N/A,N/A,N/A
Labratory,Dominion 1st Edition,Action,N/A,N/A,N/A,5,N/A,10,FALSE,TRUE,FALSE,FALSE,FALSE,FALSE,FALSE,FALSE,N/A,N/A,N/A,N/A
Library,Dominion 1st Edition,Action,N/A,N/A,N/A,5,N/A,10,FALSE,TRUE,FALSE,FALSE,FALSE,FALSE,FALSE,FALSE,N/A,N/A,N/A,N/A
Market,Dominion 1st Edition,Action,N/A,N/A,N/A,5,N/A,10,FALSE,TRUE,FALSE,FALSE,FALSE,FALSE,FALSE,FALSE,N/A,N/A,N/A,N/A
Militia,Dominion 1st Edition,Action,Attack,N/A,N/A,4,N/A,10,FALSE,TRUE,FALSE,FALSE,FALSE,FALSE,FALSE,FALSE,N/A,N/A,N/A,N/A
Mine,Dominion 1st Edition,Action,N/A,N/A,N/A,5,N/A,10,FALSE,TRUE,FALSE,FALSE,TRUE,FALSE,FALSE,FALSE,N/A,N/A,N/A,N/A
Moat,Dominion 1st Edition,Action,Reaction,N/A,N/A,2,N/A,10,FALSE,TRUE,FALSE,FALSE,FALSE,FALSE,FALSE,FALSE,N/A,N/A,N/A,N/A
Moneylender,Dominion 1st Edition,Action,N/A,N/A,N/A,4,N/A,10,FALSE,TRUE,FALSE,FALSE,TRUE,FALSE,FALSE,FALSE,N/A,N/A,N/A,N/A
Remodel,Dominion 1st Edition,Action,N/A,N/A,N/A,4,N/A,10,FALSE,TRUE,FALSE,FALSE,TRUE,FALSE,FALSE,FALSE,N/A,N/A,N/A,N/A
Smithy,Dominion 1st Edition,Action,N/A,N/A,N/A,4,N/A,10,FALSE,TRUE,FALSE,FALSE,FALSE,FALSE,FALSE,FALSE,N/A,N/A,N/A,N/A
Spy,Dominion 1st Edition,Action,Attack,N/A,N/A,4,N/A,10,FALSE,TRUE,FALSE,FALSE,FALSE,FALSE,FALSE,FALSE,N/A,N/A,N/A,N/A
Thief,Dominion 1st Edition,Action,Attack,N/A,N/A,4,N/A,10,FALSE,TRUE,FALSE,FALSE,FALSE,FALSE,FALSE,FALSE,N/A,N/A,N/A,N/A
Throne Room,Dominion 1st Edition,Action,N/A,N/A,N/A,4,N/A,10,FALSE,TRUE,FALSE,FALSE,FALSE,FALSE,FALSE,FALSE,N/A,N/A,N/A,N/A
Village,Dominion 1st Edition,Action,N/A,N/A,N/A,3,N/A,10,FALSE,TRUE,FALSE,FALSE,FALSE,FALSE,FALSE,FALSE,N/A,N/A,N/A,N/A
Witch,Dominion 1st Edition,Action,Attack,N/A,N/A,5,N/A,10,FALSE,TRUE,FALSE,FALSE,FALSE,FALSE,TRUE,FALSE,N/A,N/A,N/A,N/A
Woodcutter,Dominion 1st Edition,Action,N/A,N/A,N/A,3,N/A,10,FALSE,TRUE,FALSE,FALSE,FALSE,FALSE,FALSE,FALSE,N/A,N/A,N/A,N/A
Workshop,Dominion 1st Edition,Action,N/A,N/A,N/A,3,N/A,10,FALSE,TRUE,FALSE,FALSE,FALSE,FALSE,FALSE,FALSE,N/A,N/A,N/A,N/A
Artisan,Dominion 2nd Edition,Action,N/A,N/A,N/A,6,N/A,10,FALSE,TRUE,FALSE,FALSE,FALSE,FALSE,FALSE,FALSE,N/A,N/A,N/A,N/A
Bandit,Dominion 2nd Edition,Action,Attack,N/A,N/A,5,N/A,10,FALSE,TRUE,FALSE,FALSE,FALSE,FALSE,FALSE,FALSE,N/A,N/A,N/A,N/A
Harbinger,Dominion 2nd Edition,Action,N/A,N/A,N/A,3,N/A,10,FALSE,TRUE,FALSE,FALSE,FALSE,FALSE,FALSE,FALSE,N/A,N/A,N/A,N/A
Merchant,Dominion 2nd Edition,Action,N/A,N/A,N/A,3,N/A,10,FALSE,TRUE,FALSE,FALSE,FALSE,FALSE,FALSE,FALSE,N/A,N/A,N/A,N/A
Poacher,Dominion 2nd Edition,Action,N/A,N/A,N/A,4,N/A,10,FALSE,TRUE,FALSE,FALSE,FALSE,FALSE,FALSE,FALSE,N/A,N/A,N/A,N/A
Sentry,Dominion 2nd Edition,Action,N/A,N/A,N/A,5,N/A,10,FALSE,TRUE,FALSE,FALSE,TRUE,FALSE,FALSE,FALSE,N/A,N/A,N/A,N/A
Vassal,Dominion 2nd Edition,Action,N/A,N/A,N/A,3,N/A,10,FALSE,TRUE,FALSE,FALSE,FALSE,FALSE,FALSE,FALSE,N/A,N/A,N/A,N/A
Advance,Empires,Event,N/A,N/A,N/A,0,N/A,1,FALSE,FALSE,FALSE,FALSE,TRUE,FALSE,FALSE,FALSE,N/A,N/A,N/A,N/A
Annex,Empires,Event,N/A,N/A,N/A,0,8 Debt,1,FALSE,FALSE,FALSE,FALSE,FALSE,FALSE,FALSE,FALSE,N/A,N/A,N/A,N/A
Aqueduct,Empires,Landmark,N/A,N/A,N/A,N/A,N/A,1,FALSE,FALSE,FALSE,FALSE,FALSE,TRUE,FALSE,FALSE,Point,N/A,N/A,N/A
Archive,Empires,Action,Duration,N/A,N/A,5,N/A,10,FALSE,TRUE,FALSE,FALSE,FALSE,FALSE,FALSE,FALSE,N/A,N/A,N/A,N/A
Arena,Empires,Landmark,N/A,N/A,N/A,N/A,N/A,1,FALSE,FALSE,FALSE,FALSE,FALSE,TRUE,FALSE,FALSE,Point,N/A,N/A,N/A
Bandit Fort,Empires,Landmark,N/A,N/A,N/A,N/A,N/A,1,FALSE,FALSE,FALSE,FALSE,FALSE,FALSE,FALSE,FALSE,N/A,N/A,N/A,N/A
Banquet,Empires,Event,N/A,N/A,N/A,3,N/A,1,FALSE,FALSE,FALSE,FALSE,FALSE,FALSE,FALSE,FALSE,N/A,N/A,N/A,N/A
Basilica,Empires,Landmark,N/A,N/A,N/A,N/A,N/A,1,FALSE,FALSE,FALSE,FALSE,FALSE,TRUE,FALSE,FALSE,Point,N/A,N/A,N/A
Baths,Empires,Landmark,N/A,N/A,N/A,N/A,N/A,1,FALSE,FALSE,FALSE,FALSE,FALSE,TRUE,FALSE,FALSE,Point,N/A,N/A,N/A
Battlefield,Empires,Landmark,N/A,N/A,N/A,N/A,N/A,1,FALSE,FALSE,FALSE,FALSE,FALSE,TRUE,FALSE,FALSE,Point,N/A,N/A,N/A
Bustling Village,Empires,Action,N/A,N/A,N/A,5,N/A,5,FALSE,TRUE,FALSE,FALSE,FALSE,FALSE,FALSE,FALSE,N/A,N/A,N/A,N/A
Capital,Empires,Treasure,N/A,N/A,N/A,5,N/A,10,FALSE,TRUE,FALSE,FALSE,FALSE,FALSE,FALSE,FALSE,N/A,N/A,N/A,N/A
Catapult,Empires,Action,Attack,N/A,N/A,3,N/A,5,FALSE,TRUE,FALSE,FALSE,TRUE,FALSE,TRUE,FALSE,N/A,N/A,N/A,N/A
Chariot Race,Empires,Action,N/A,N/A,N/A,3,N/A,10,FALSE,TRUE,FALSE,FALSE,FALSE,FALSE,FALSE,FALSE,Point,N/A,N/A,N/A
Charm,Empires,Treasure,N/A,N/A,N/A,5,N/A,10,FALSE,TRUE,FALSE,FALSE,FALSE,FALSE,FALSE,FALSE,N/A,N/A,N/A,N/A
City Quarter,Empires,Action,N/A,N/A,N/A,0,8 Debt,10,FALSE,TRUE,FALSE,FALSE,FALSE,FALSE,FALSE,FALSE,Debt,N/A,N/A,N/A
Colonnade,Empires,Landmark,N/A,N/A,N/A,N/A,N/A,1,FALSE,FALSE,FALSE,FALSE,FALSE,TRUE,FALSE,FALSE,Point,N/A,N/A,N/A
Conquest,Empires,Event,N/A,N/A,N/A,6,N/A,1,FALSE,FALSE,FALSE,FALSE,FALSE,FALSE,FALSE,FALSE,Point,N/A,N/A,N/A
Crown,Empires,Action,Treasure,N/A,N/A,5,N/A,10,FALSE,TRUE,FALSE,FALSE,FALSE,FALSE,FALSE,FALSE,N/A,N/A,N/A,N/A
Crumbling Castle,Empires,Victory,Castle,N/A,N/A,4,N/A,1,FALSE,TRUE,TRUE,TRUE,FALSE,FALSE,FALSE,FALSE,N/A,N/A,N/A,N/A
Defiled Shrine,Empires,Landmark,N/A,N/A,N/A,N/A,N/A,1,FALSE,FALSE,FALSE,FALSE,FALSE,TRUE,FALSE,FALSE,Point,N/A,N/A,N/A
Delve,Empires,Event,N/A,N/A,N/A,2,N/A,1,FALSE,FALSE,FALSE,FALSE,FALSE,FALSE,FALSE,FALSE,N/A,N/A,N/A,N/A
Dominate,Empires,Event,N/A,N/A,N/A,14,N/A,1,FALSE,FALSE,FALSE,FALSE,FALSE,FALSE,FALSE,FALSE,Point,N/A,N/A,N/A
Donate,Empires,Event,N/A,N/A,N/A,0,8 Debt,1,FALSE,FALSE,FALSE,FALSE,TRUE,FALSE,FALSE,FALSE,Debt,N/A,N/A,N/A
Emporium,Empires,Action,N/A,N/A,N/A,5,N/A,5,FALSE,TRUE,FALSE,TRUE,FALSE,FALSE,FALSE,FALSE,Point,N/A,N/A,N/A
Encampment,Empires,Action,N/A,N/A,N/A,2,N/A,5,FALSE,TRUE,FALSE,FALSE,FALSE,FALSE,FALSE,FALSE,N/A,N/A,N/A,N/A
Enchantress,Empires,Action,Attack,Duration,N/A,3,N/A,10,FALSE,TRUE,FALSE,FALSE,FALSE,FALSE,FALSE,FALSE,N/A,N/A,N/A,N/A
Engineer,Empires,Action,N/A,N/A,N/A,0,4 Debt,10,FALSE,TRUE,FALSE,FALSE,FALSE,FALSE,FALSE,FALSE,Debt,N/A,N/A,N/A
Farmers' Market,Empires,Action,Gathering,N/A,N/A,3,N/A,10,FALSE,TRUE,FALSE,FALSE,FALSE,FALSE,FALSE,FALSE,Point,N/A,N/A,N/A
Fortune,Empires,Treasure,N/A,N/A,N/A,8,8 Debt,5,FALSE,TRUE,FALSE,TRUE,FALSE,FALSE,FALSE,FALSE,Debt,N/A,N/A,N/A
Forum,Empires,Action,N/A,N/A,N/A,5,N/A,10,FALSE,TRUE,FALSE,FALSE,FALSE,FALSE,FALSE,FALSE,N/A,N/A,N/A,N/A
Fountain,Empires,Landmark,N/A,N/A,N/A,N/A,N/A,1,FALSE,FALSE,FALSE,FALSE,FALSE,FALSE,FALSE,FALSE,N/A,N/A,N/A,N/A
Gladiator,Empires,Action,N/A,N/A,N/A,3,N/A,5,FALSE,TRUE,FALSE,FALSE,FALSE,FALSE,FALSE,FALSE,N/A,N/A,N/A,N/A
Grand Castle,Empires,Victory,Castle,N/A,N/A,9,N/A,1,FALSE,TRUE,FALSE,TRUE,FALSE,FALSE,FALSE,FALSE,N/A,N/A,N/A,N/A
Groundskeeper,Empires,Action,N/A,N/A,N/A,5,N/A,10,FALSE,TRUE,FALSE,FALSE,FALSE,FALSE,FALSE,FALSE,Point,N/A,N/A,N/A
Haunted Castle,Empires,Victory,Castle,N/A,N/A,6,N/A,1,FALSE,TRUE,FALSE,TRUE,FALSE,FALSE,FALSE,FALSE,N/A,N/A,N/A,N/A
Humble Castle,Empires,Treasure,Victory,Castle,N/A,3,N/A,2,FALSE,TRUE,FALSE,FALSE,FALSE,FALSE,FALSE,FALSE,N/A,N/A,N/A,N/A
Keep,Empires,Landmark,N/A,N/A,N/A,N/A,N/A,1,FALSE,FALSE,FALSE,FALSE,FALSE,FALSE,FALSE,FALSE,N/A,N/A,N/A,N/A
King's Castle,Empires,Victory,Castle,N/A,N/A,10,N/A,2,FALSE,TRUE,FALSE,FALSE,FALSE,FALSE,FALSE,FALSE,N/A,N/A,N/A,N/A
Labyrinth,Empires,Landmark,N/A,N/A,N/A,N/A,N/A,1,FALSE,FALSE,FALSE,FALSE,FALSE,TRUE,FALSE,FALSE,Point,N/A,N/A,N/A
Legionary,Empires,Action,Attack,N/A,N/A,5,N/A,10,FALSE,TRUE,FALSE,FALSE,FALSE,FALSE,FALSE,FALSE,N/A,N/A,N/A,N/A
Mountain Pass,Empires,Landmark,N/A,N/A,N/A,N/A,N/A,1,FALSE,FALSE,FALSE,FALSE,FALSE,FALSE,FALSE,FALSE,Point,Debt,N/A,N/A
Museum,Empires,Landmark,N/A,N/A,N/A,N/A,N/A,1,FALSE,FALSE,FALSE,FALSE,FALSE,FALSE,FALSE,FALSE,N/A,N/A,N/A,N/A
Obelisk,Empires,Landmark,N/A,N/A,N/A,N/A,N/A,1,FALSE,FALSE,FALSE,FALSE,FALSE,TRUE,FALSE,FALSE,N/A,N/A,N/A,N/A
Opulent Castle,Empires,Action,Victory,Castle,N/A,7,N/A,2,FALSE,TRUE,FALSE,FALSE,FALSE,FALSE,FALSE,FALSE,N/A,N/A,N/A,N/A
Orchard,Empires,Landmark,N/A,N/A,N/A,N/A,N/A,1,FALSE,FALSE,FALSE,FALSE,FALSE,FALSE,FALSE,FALSE,N/A,N/A,N/A,N/A
Overlord,Empires,Action,N/A,N/A,N/A,0,8 Debt,10,FALSE,TRUE,FALSE,FALSE,FALSE,FALSE,FALSE,FALSE,N/A,N/A,N/A,N/A
Palace,Empires,Landmark,N/A,N/A,N/A,N/A,N/A,1,FALSE,FALSE,FALSE,FALSE,FALSE,FALSE,FALSE,FALSE,N/A,N/A,N/A,N/A
Patrician,Empires,Action,N/A,N/A,N/A,2,N/A,5,FALSE,TRUE,FALSE,FALSE,FALSE,FALSE,FALSE,FALSE,N/A,N/A,N/A,N/A
Plunder,Empires,Treasure,N/A,N/A,N/A,5,N/A,5,FALSE,TRUE,FALSE,FALSE,FALSE,FALSE,FALSE,FALSE,Point,N/A,N/A,N/A
Ritual,Empires,Event,N/A,N/A,N/A,4,N/A,1,FALSE,FALSE,FALSE,FALSE,TRUE,FALSE,TRUE,FALSE,Point,N/A,N/A,N/A
Rocks,Empires,Treasure,N/A,N/A,N/A,4,N/A,5,FALSE,TRUE,TRUE,TRUE,FALSE,FALSE,FALSE,FALSE,N/A,N/A,N/A,N/A
Royal Blacksmith,Empires,Action,N/A,N/A,N/A,0,8 Debt,10,FALSE,TRUE,FALSE,FALSE,FALSE,FALSE,FALSE,FALSE,N/A,N/A,N/A,N/A
Sacrifice,Empires,Action,N/A,N/A,N/A,4,N/A,10,FALSE,TRUE,FALSE,FALSE,TRUE,FALSE,FALSE,FALSE,Point,N/A,N/A,N/A
Salt The Earth,Empires,Event,N/A,N/A,N/A,4,N/A,1,FALSE,FALSE,FALSE,FALSE,FALSE,FALSE,FALSE,FALSE,Point,N/A,N/A,N/A
Settlers,Empires,Action,N/A,N/A,N/A,2,N/A,5,FALSE,TRUE,FALSE,FALSE,FALSE,FALSE,FALSE,FALSE,N/A,N/A,N/A,N/A
Small Castle,Empires,Action,Victory,Castle,N/A,5,N/A,2,FALSE,TRUE,FALSE,FALSE,TRUE,FALSE,FALSE,FALSE,N/A,N/A,N/A,N/A
Sprawling Castle,Empires,Victory,Castle,N/A,N/A,8,N/A,1,FALSE,TRUE,FALSE,TRUE,FALSE,FALSE,FALSE,FALSE,N/A,N/A,N/A,N/A
Tax,Empires,Event,N/A,N/A,N/A,2,N/A,1,FALSE,FALSE,FALSE,FALSE,FALSE,TRUE,FALSE,FALSE,Debt,N/A,N/A,N/A
Temple,Empires,Action,Gathering,N/A,N/A,4,N/A,10,FALSE,TRUE,FALSE,TRUE,TRUE,FALSE,FALSE,FALSE,Point,N/A,N/A,N/A
Tomb,Empires,Landmark,N/A,N/A,N/A,N/A,N/A,1,FALSE,FALSE,FALSE,FALSE,FALSE,FALSE,FALSE,FALSE,Point,N/A,N/A,N/A
Tower,Empires,Landmark,N/A,N/A,N/A,N/A,N/A,1,FALSE,FALSE,FALSE,FALSE,FALSE,FALSE,FALSE,FALSE,N/A,N/A,N/A,N/A
Triumph,Empires,Event,N/A,N/A,N/A,0,5 Debt,1,FALSE,FALSE,FALSE,FALSE,FALSE,FALSE,FALSE,FALSE,Point,Debt,N/A,N/A
Triumphal Arch,Empires,Landmark,N/A,N/A,N/A,N/A,N/A,1,FALSE,FALSE,FALSE,FALSE,FALSE,FALSE,FALSE,FALSE,N/A,N/A,N/A,N/A
Villa,Empires,Action,N/A,N/A,N/A,4,N/A,10,FALSE,TRUE,FALSE,TRUE,FALSE,FALSE,FALSE,FALSE,N/A,N/A,N/A,N/A
Wall,Empires,Landmark,N/A,N/A,N/A,N/A,N/A,1,FALSE,FALSE,FALSE,FALSE,FALSE,FALSE,FALSE,FALSE,N/A,N/A,N/A,N/A
Wedding,Empires,Event,N/A,N/A,N/A,4,3 Debt,1,FALSE,FALSE,FALSE,FALSE,FALSE,FALSE,FALSE,FALSE,Point,Debt,N/A,N/A
Wild Hunt,Empires,Action,Gathering,N/A,N/A,5,N/A,10,FALSE,TRUE,FALSE,FALSE,FALSE,FALSE,FALSE,FALSE,Point,N/A,N/A,N/A
Windfall,Empires,Event,N/A,N/A,N/A,5,N/A,1,FALSE,FALSE,FALSE,FALSE,FALSE,FALSE,FALSE,FALSE,N/A,N/A,N/A,N/A
Wolf Den,Empires,Landmark,N/A,N/A,N/A,N/A,N/A,1,FALSE,FALSE,FALSE,FALSE,FALSE,FALSE,FALSE,FALSE,N/A,N/A,N/A,N/A
Advisor,Guilds,Action,N/A,N/A,N/A,4,N/A,10,FALSE,TRUE,FALSE,FALSE,FALSE,FALSE,FALSE,FALSE,N/A,N/A,N/A,N/A
Baker,Guilds,Action,N/A,N/A,N/A,5,N/A,10,FALSE,TRUE,FALSE,FALSE,FALSE,TRUE,FALSE,FALSE,Coin,N/A,N/A,N/A
Butcher,Guilds,Action,N/A,N/A,N/A,5,N/A,10,FALSE,TRUE,FALSE,FALSE,TRUE,FALSE,FALSE,FALSE,Coin,N/A,N/A,N/A
Candlestick Maker,Guilds,Action,N/A,N/A,N/A,2,N/A,10,FALSE,TRUE,FALSE,FALSE,FALSE,FALSE,FALSE,FALSE,Coin,N/A,N/A,N/A
Doctor,Guilds,Action,N/A,N/A,N/A,3,N/A,10,TRUE,TRUE,FALSE,FALSE,TRUE,FALSE,FALSE,FALSE,N/A,N/A,N/A,N/A
Herald,Guilds,Action,N/A,N/A,N/A,4,N/A,10,TRUE,TRUE,FALSE,FALSE,FALSE,FALSE,FALSE,FALSE,N/A,N/A,N/A,N/A
Journeyman,Guilds,Action,N/A,N/A,N/A,5,N/A,10,FALSE,TRUE,FALSE,FALSE,FALSE,FALSE,FALSE,FALSE,N/A,N/A,N/A,N/A
Masterpiece,Guilds,Treasure,N/A,N/A,N/A,3,N/A,10,TRUE,FALSE,FALSE,FALSE,FALSE,FALSE,FALSE,FALSE,N/A,N/A,N/A,N/A
Merchant Guild,Guilds,Action,N/A,N/A,N/A,5,N/A,10,FALSE,TRUE,FALSE,FALSE,FALSE,FALSE,FALSE,FALSE,Coin,N/A,N/A,N/A
Plaza,Guilds,Action,N/A,N/A,N/A,4,N/A,10,FALSE,TRUE,FALSE,FALSE,FALSE,FALSE,FALSE,FALSE,Coin,N/A,N/A,N/A
Soothsayer,Guilds,Action,Attack,N/A,N/A,5,N/A,10,FALSE,TRUE,FALSE,FALSE,FALSE,FALSE,TRUE,FALSE,N/A,N/A,N/A,N/A
Stonemason,Guilds,Action,N/A,N/A,N/A,2,N/A,10,TRUE,TRUE,FALSE,FALSE,TRUE,FALSE,FALSE,FALSE,N/A,N/A,N/A,N/A
Taxman,Guilds,Action,Attack,N/A,N/A,4,N/A,10,FALSE,TRUE,FALSE,FALSE,TRUE,FALSE,FALSE,FALSE,N/A,N/A,N/A,N/A
Border Village,Hinterlands,Action,N/A,N/A,N/A,6,N/A,10,FALSE,TRUE,FALSE,TRUE,FALSE,FALSE,FALSE,FALSE,N/A,N/A,N/A,N/A
Cache,Hinterlands,Treasure,N/A,N/A,N/A,5,N/A,10,FALSE,TRUE,FALSE,TRUE,FALSE,FALSE,FALSE,FALSE,N/A,N/A,N/A,N/A
Cartographer,Hinterlands,Action,N/A,N/A,N/A,5,N/A,10,FALSE,TRUE,FALSE,FALSE,FALSE,FALSE,FALSE,FALSE,N/A,N/A,N/A,N/A
Crossroads,Hinterlands,Action,N/A,N/A,N/A,2,N/A,10,FALSE,TRUE,FALSE,FALSE,FALSE,FALSE,FALSE,FALSE,N/A,N/A,N/A,N/A
Develop,Hinterlands,Action,N/A,N/A,N/A,3,N/A,10,FALSE,TRUE,FALSE,FALSE,TRUE,FALSE,FALSE,FALSE,N/A,N/A,N/A,N/A
Duchess,Hinterlands,Action,N/A,N/A,N/A,2,N/A,10,FALSE,TRUE,FALSE,FALSE,FALSE,FALSE,FALSE,FALSE,N/A,N/A,N/A,N/A
Embassy,Hinterlands,Action,N/A,N/A,N/A,5,N/A,10,FALSE,TRUE,FALSE,TRUE,FALSE,FALSE,FALSE,FALSE,N/A,N/A,N/A,N/A
Farmland,Hinterlands,Victory,N/A,N/A,N/A,6,N/A,12,FALSE,TRUE,FALSE,FALSE,TRUE,FALSE,FALSE,FALSE,N/A,N/A,N/A,N/A
Fool's Gold,Hinterlands,Treasure,Reaction,N/A,N/A,2,N/A,10,FALSE,TRUE,FALSE,FALSE,FALSE,FALSE,FALSE,FALSE,N/A,N/A,N/A,N/A
Haggler,Hinterlands,Action,N/A,N/A,N/A,5,N/A,10,FALSE,TRUE,FALSE,FALSE,FALSE,FALSE,FALSE,FALSE,N/A,N/A,N/A,N/A
Highway,Hinterlands,Action,N/A,N/A,N/A,5,N/A,10,FALSE,TRUE,FALSE,FALSE,FALSE,FALSE,FALSE,TRUE,N/A,N/A,N/A,N/A
Ill-Gotten Gains,Hinterlands,Treasure,N/A,N/A,N/A,5,N/A,10,FALSE,TRUE,FALSE,TRUE,FALSE,FALSE,TRUE,FALSE,N/A,N/A,N/A,N/A
Inn,Hinterlands,Action,N/A,N/A,N/A,5,N/A,10,FALSE,TRUE,FALSE,TRUE,FALSE,FALSE,FALSE,FALSE,N/A,N/A,N/A,N/A
Jack Of All Trades,Hinterlands,Action,N/A,N/A,N/A,4,N/A,10,FALSE,TRUE,FALSE,FALSE,TRUE,FALSE,FALSE,FALSE,N/A,N/A,N/A,N/A
Mandarin,Hinterlands,Action,N/A,N/A,N/A,5,N/A,10,FALSE,TRUE,FALSE,TRUE,FALSE,FALSE,FALSE,FALSE,N/A,N/A,N/A,N/A
Margrave,Hinterlands,Action,Attack,N/A,N/A,5,N/A,10,FALSE,TRUE,FALSE,FALSE,FALSE,FALSE,FALSE,FALSE,N/A,N/A,N/A,N/A
Noble Brigand,Hinterlands,Action,Attack,N/A,N/A,4,N/A,10,FALSE,TRUE,FALSE,FALSE,FALSE,FALSE,FALSE,FALSE,N/A,N/A,N/A,N/A
Nomad Camp,Hinterlands,Action,N/A,N/A,N/A,4,N/A,10,FALSE,TRUE,FALSE,TRUE,FALSE,FALSE,FALSE,FALSE,N/A,N/A,N/A,N/A
Oasis,Hinterlands,Action,N/A,N/A,N/A,3,N/A,10,FALSE,TRUE,FALSE,FALSE,FALSE,FALSE,FALSE,FALSE,N/A,N/A,N/A,N/A
Oracle,Hinterlands,Action,Attack,N/A,N/A,3,N/A,10,FALSE,TRUE,FALSE,FALSE,FALSE,FALSE,FALSE,FALSE,N/A,N/A,N/A,N/A
Scheme,Hinterlands,Action,N/A,N/A,N/A,3,N/A,10,FALSE,TRUE,FALSE,FALSE,FALSE,FALSE,FALSE,FALSE,N/A,N/A,N/A,N/A
Silk Merchant,Hinterlands,Action,N/A,N/A,N/A,4,N/A,10,FALSE,TRUE,FALSE,FALSE,TRUE,FALSE,FALSE,FALSE,N/A,N/A,N/A,N/A
Silk Road,Hinterlands,Victory,N/A,N/A,N/A,4,N/A,12,FALSE,TRUE,FALSE,FALSE,FALSE,FALSE,FALSE,FALSE,N/A,N/A,N/A,N/A
Stables,Hinterlands,Action,N/A,N/A,N/A,5,N/A,10,FALSE,TRUE,FALSE,FALSE,FALSE,FALSE,FALSE,FALSE,N/A,N/A,N/A,N/A
Traders,Hinterlands,Action,Reaction,N/A,N/A,4,N/A,10,FALSE,TRUE,FALSE,FALSE,TRUE,FALSE,FALSE,FALSE,N/A,N/A,N/A,N/A
Tunnel,Hinterlands,Victory,Reaction,N/A,N/A,3,N/A,12,FALSE,TRUE,FALSE,FALSE,FALSE,FALSE,FALSE,FALSE,N/A,N/A,N/A,N/A
Baron,Intrigue 1st Edition,Action,N/A,N/A,N/A,4,N/A,10,FALSE,TRUE,FALSE,FALSE,FALSE,FALSE,FALSE,FALSE,N/A,N/A,N/A,N/A
Bridge,Intrigue 1st Edition,Action,N/A,N/A,N/A,4,N/A,10,FALSE,TRUE,FALSE,FALSE,FALSE,FALSE,FALSE,TRUE,N/A,N/A,N/A,N/A
Conspirator,Intrigue 1st Edition,Action,N/A,N/A,N/A,4,N/A,10,FALSE,TRUE,FALSE,FALSE,FALSE,FALSE,FALSE,FALSE,N/A,N/A,N/A,N/A
Coppersmith,Intrigue 1st Edition,Action,N/A,N/A,N/A,4,N/A,10,FALSE,TRUE,FALSE,FALSE,FALSE,FALSE,FALSE,FALSE,N/A,N/A,N/A,N/A
Courtyard,Intrigue 1st Edition,Action,N/A,N/A,N/A,2,N/A,10,FALSE,TRUE,FALSE,FALSE,FALSE,FALSE,FALSE,FALSE,N/A,N/A,N/A,N/A
Duke,Intrigue 1st Edition,Victory,N/A,N/A,N/A,5,N/A,12,FALSE,TRUE,FALSE,FALSE,FALSE,FALSE,FALSE,FALSE,N/A,N/A,N/A,N/A
Great Hall,Intrigue 1st Edition,Action,Victory,N/A,N/A,3,N/A,12,FALSE,TRUE,FALSE,FALSE,FALSE,FALSE,FALSE,FALSE,N/A,N/A,N/A,N/A
Harem,Intrigue 1st Edition,Treasure,Victory,N/A,N/A,6,N/A,12,FALSE,TRUE,FALSE,FALSE,FALSE,FALSE,FALSE,FALSE,N/A,N/A,N/A,N/A
Ironworks,Intrigue 1st Edition,Action,N/A,N/A,N/A,4,N/A,10,FALSE,TRUE,FALSE,FALSE,FALSE,FALSE,FALSE,FALSE,N/A,N/A,N/A,N/A
Masquerade,Intrigue 1st Edition,Action,N/A,N/A,N/A,3,N/A,10,FALSE,TRUE,FALSE,FALSE,TRUE,FALSE,FALSE,FALSE,N/A,N/A,N/A,N/A
Mining Village,Intrigue 1st Edition,Action,N/A,N/A,N/A,4,N/A,10,FALSE,TRUE,FALSE,FALSE,FALSE,FALSE,FALSE,FALSE,N/A,N/A,N/A,N/A
Minion,Intrigue 1st Edition,Action,Attack,N/A,N/A,5,N/A,10,FALSE,TRUE,FALSE,FALSE,FALSE,FALSE,FALSE,FALSE,N/A,N/A,N/A,N/A
Nobles,Intrigue 1st Edition,Action,Victory,N/A,N/A,6,N/A,12,FALSE,TRUE,FALSE,FALSE,FALSE,FALSE,FALSE,FALSE,N/A,N/A,N/A,N/A
Pawn,Intrigue 1st Edition,Action,N/A,N/A,N/A,2,N/A,10,FALSE,TRUE,FALSE,FALSE,FALSE,FALSE,FALSE,FALSE,N/A,N/A,N/A,N/A
Saboteur,Intrigue 1st Edition,Action,Attack,N/A,N/A,5,N/A,10,FALSE,TRUE,FALSE,FALSE,FALSE,FALSE,FALSE,FALSE,N/A,N/A,N/A,N/A
Scout,Intrigue 1st Edition,Action,N/A,N/A,N/A,4,N/A,10,FALSE,TRUE,FALSE,FALSE,FALSE,FALSE,FALSE,FALSE,N/A,N/A,N/A,N/A
Secret Chamber,Intrigue 1st Edition,Action,Reaction,N/A,N/A,2,N/A,10,FALSE,TRUE,FALSE,FALSE,FALSE,FALSE,FALSE,FALSE,N/A,N/A,N/A,N/A
Shanty Town,Intrigue 1st Edition,Action,N/A,N/A,N/A,3,N/A,10,FALSE,TRUE,FALSE,FALSE,FALSE,FALSE,FALSE,FALSE,N/A,N/A,N/A,N/A
Steward,Intrigue 1st Edition,Action,N/A,N/A,N/A,3,N/A,10,FALSE,TRUE,FALSE,FALSE,TRUE,FALSE,FALSE,FALSE,N/A,N/A,N/A,N/A
Swindler,Intrigue 1st Edition,Action,Attack,N/A,N/A,3,N/A,10,FALSE,TRUE,FALSE,FALSE,FALSE,FALSE,FALSE,FALSE,N/A,N/A,N/A,N/A
Torturer,Intrigue 1st Edition,Action,Attack,N/A,N/A,5,N/A,10,FALSE,TRUE,FALSE,FALSE,FALSE,FALSE,TRUE,FALSE,N/A,N/A,N/A,N/A
Trading Post,Intrigue 1st Edition,Action,N/A,N/A,N/A,5,N/A,10,FALSE,TRUE,FALSE,FALSE,TRUE,FALSE,FALSE,FALSE,N/A,N/A,N/A,N/A
Tribute,Intrigue 1st Edition,Action,N/A,N/A,N/A,5,N/A,10,FALSE,TRUE,FALSE,FALSE,FALSE,FALSE,FALSE,FALSE,N/A,N/A,N/A,N/A
Upgrade,Intrigue 1st Edition,Action,N/A,N/A,N/A,5,N/A,10,FALSE,TRUE,FALSE,FALSE,TRUE,FALSE,FALSE,FALSE,N/A,N/A,N/A,N/A
Wishing Well,Intrigue 1st Edition,Action,N/A,N/A,N/A,3,N/A,10,FALSE,TRUE,FALSE,FALSE,FALSE,FALSE,FALSE,FALSE,N/A,N/A,N/A,N/A
Courtier,Intrigue 2nd Edition,Action,N/A,N/A,N/A,5,N/A,10,FALSE,TRUE,FALSE,FALSE,FALSE,FALSE,FALSE,FALSE,N/A,N/A,N/A,N/A
Diplomat,Intrigue 2nd Edition,Action,Reaction,N/A,N/A,4,N/A,10,FALSE,TRUE,FALSE,FALSE,FALSE,FALSE,FALSE,FALSE,N/A,N/A,N/A,N/A
Lurker,Intrigue 2nd Edition,Action,N/A,N/A,N/A,2,N/A,10,FALSE,TRUE,FALSE,FALSE,FALSE,FALSE,FALSE,FALSE,N/A,N/A,N/A,N/A
Mill,Intrigue 2nd Edition,Action,Victory,N/A,N/A,4,N/A,12,FALSE,TRUE,FALSE,FALSE,FALSE,FALSE,FALSE,FALSE,N/A,N/A,N/A,N/A
Patrol,Intrigue 2nd Edition,Action,N/A,N/A,N/A,5,N/A,10,FALSE,TRUE,FALSE,FALSE,FALSE,FALSE,FALSE,FALSE,N/A,N/A,N/A,N/A
Replace,Intrigue 2nd Edition,Action,Attack,N/A,N/A,5,N/A,10,FALSE,TRUE,FALSE,FALSE,TRUE,FALSE,TRUE,FALSE,N/A,N/A,N/A,N/A
Secret Passage,Intrigue 2nd Edition,Action,N/A,N/A,N/A,4,N/A,10,FALSE,TRUE,FALSE,FALSE,FALSE,FALSE,FALSE,FALSE,N/A,N/A,N/A,N/A
Alliance,Menagerie,Event,N/A,N/A,N/A,10,N/A,1,FALSE,FALSE,FALSE,FALSE,FALSE,FALSE,FALSE,FALSE,N/A,N/A,N/A,N/A
Animal Fair,Menagerie,Action,N/A,N/A,N/A,7,N/A,10,TRUE,TRUE,FALSE,FALSE,FALSE,FALSE,FALSE,FALSE,N/A,N/A,N/A,N/A
Banish,Menagerie,Event,N/A,N/A,N/A,4,N/A,1,FALSE,FALSE,FALSE,FALSE,FALSE,FALSE,FALSE,FALSE,N/A,N/A,Exile,N/A
Bargain,Menagerie,Event,N/A,N/A,N/A,4,N/A,1,FALSE,FALSE,FALSE,FALSE,FALSE,FALSE,FALSE,FALSE,N/A,N/A,N/A,Horse
Barge,Menagerie,Action,Duration,N/A,N/A,5,N/A,10,FALSE,TRUE,FALSE,FALSE,FALSE,FALSE,FALSE,FALSE,N/A,N/A,N/A,N/A
Black Cat,Menagerie,Action,Attack,Reaction,N/A,2,N/A,10,FALSE,TRUE,FALSE,FALSE,FALSE,FALSE,TRUE,FALSE,N/A,N/A,N/A,N/A
Bounty Hunter,Menagerie,Action,N/A,N/A,N/A,4,N/A,10,FALSE,TRUE,FALSE,FALSE,FALSE,FALSE,FALSE,FALSE,N/A,N/A,Exile,N/A
Camel Train,Menagerie,Action,N/A,N/A,N/A,3,N/A,10,FALSE,TRUE,FALSE,TRUE,FALSE,FALSE,FALSE,FALSE,N/A,N/A,Exile,N/A
Cardinal,Menagerie,Action,Attack,N/A,N/A,4,N/A,10,FALSE,TRUE,FALSE,FALSE,FALSE,FALSE,FALSE,FALSE,N/A,N/A,Exile,N/A
Cavalry,Menagerie,Action,N/A,N/A,N/A,4,N/A,10,FALSE,TRUE,FALSE,TRUE,FALSE,FALSE,FALSE,FALSE,N/A,N/A,N/A,Horse
Commerce,Menagerie,Event,N/A,N/A,N/A,5,N/A,1,FALSE,FALSE,FALSE,FALSE,FALSE,FALSE,FALSE,FALSE,N/A,N/A,N/A,N/A
Coven,Menagerie,Action,Attack,N/A,N/A,5,N/A,10,FALSE,TRUE,FALSE,FALSE,FALSE,FALSE,TRUE,FALSE,N/A,N/A,Exile,N/A
Delay,Menagerie,Event,N/A,N/A,N/A,0,N/A,1,FALSE,FALSE,FALSE,FALSE,FALSE,FALSE,FALSE,FALSE,N/A,N/A,N/A,N/A
Demand,Menagerie,Event,N/A,N/A,N/A,5,N/A,1,FALSE,FALSE,FALSE,FALSE,FALSE,FALSE,FALSE,FALSE,N/A,N/A,N/A,Horse
Desperation,Menagerie,Event,N/A,N/A,N/A,0,N/A,1,FALSE,FALSE,FALSE,FALSE,FALSE,FALSE,TRUE,FALSE,N/A,N/A,N/A,N/A
Destrier,Menagerie,Action,N/A,N/A,N/A,6,N/A,10,TRUE,TRUE,FALSE,FALSE,FALSE,FALSE,FALSE,FALSE,N/A,N/A,N/A,N/A
Displace,Menagerie,Action,N/A,N/A,N/A,5,N/A,10,FALSE,TRUE,FALSE,FALSE,FALSE,FALSE,FALSE,FALSE,N/A,N/A,Exile,N/A
Enclave,Menagerie,Event,N/A,N/A,N/A,8,N/A,1,FALSE,FALSE,FALSE,FALSE,FALSE,FALSE,FALSE,FALSE,N/A,N/A,Exile,N/A
Enhance,Menagerie,Event,N/A,N/A,N/A,3,N/A,1,FALSE,FALSE,FALSE,FALSE,TRUE,FALSE,FALSE,FALSE,N/A,N/A,N/A,N/A
Falconer,Menagerie,Action,Reaction,N/A,N/A,5,N/A,10,FALSE,TRUE,FALSE,FALSE,FALSE,FALSE,FALSE,FALSE,N/A,N/A,N/A,N/A
Fisherman,Menagerie,Action,N/A,N/A,N/A,5,N/A,10,TRUE,TRUE,FALSE,FALSE,FALSE,FALSE,FALSE,FALSE,N/A,N/A,N/A,N/A
Gamble,Menagerie,Event,N/A,N/A,N/A,2,N/A,1,FALSE,FALSE,FALSE,FALSE,FALSE,FALSE,FALSE,FALSE,N/A,N/A,N/A,N/A
Gatekeeper,Menagerie,Action,Duration,Attack,N/A,5,N/A,10,FALSE,TRUE,FALSE,FALSE,FALSE,FALSE,FALSE,FALSE,N/A,N/A,Exile,N/A
Goatherd,Menagerie,Action,N/A,N/A,N/A,3,N/A,10,FALSE,TRUE,FALSE,FALSE,TRUE,FALSE,FALSE,FALSE,N/A,N/A,N/A,N/A
Groom,Menagerie,Action,N/A,N/A,N/A,4,N/A,10,FALSE,TRUE,FALSE,FALSE,FALSE,FALSE,FALSE,FALSE,N/A,N/A,N/A,Horse
Horse,Menagerie,Action,N/A,N/A,N/A,3,N/A,30,FALSE,FALSE,FALSE,FALSE,FALSE,FALSE,FALSE,FALSE,N/A,N/A,N/A,N/A
Hostelry,Menagerie,Action,N/A,N/A,N/A,4,N/A,10,FALSE,TRUE,FALSE,TRUE,FALSE,FALSE,FALSE,FALSE,N/A,N/A,N/A,Horse
Hunting Lodge,Menagerie,Action,N/A,N/A,N/A,5,N/A,10,FALSE,TRUE,FALSE,FALSE,FALSE,FALSE,FALSE,FALSE,N/A,N/A,N/A,N/A
Invest,Menagerie,Event,N/A,N/A,N/A,4,N/A,1,FALSE,FALSE,FALSE,FALSE,FALSE,FALSE,FALSE,FALSE,N/A,N/A,Exile,N/A
Kiln,Menagerie,Action,N/A,N/A,N/A,5,N/A,10,FALSE,TRUE,FALSE,FALSE,FALSE,FALSE,FALSE,FALSE,N/A,N/A,N/A,N/A
Livery,Menagerie,Action,N/A,N/A,N/A,5,N/A,10,FALSE,TRUE,FALSE,FALSE,FALSE,FALSE,FALSE,FALSE,N/A,N/A,N/A,Horse
March,Menagerie,Event,N/A,N/A,N/A,3,N/A,1,FALSE,FALSE,FALSE,FALSE,FALSE,FALSE,FALSE,FALSE,N/A,N/A,N/A,N/A
Mastermind,Menagerie,Action,Duration,N/A,N/A,5,N/A,10,FALSE,TRUE,FALSE,FALSE,FALSE,FALSE,FALSE,FALSE,N/A,N/A,N/A,N/A
Paddock,Menagerie,Action,N/A,N/A,N/A,5,N/A,10,FALSE,TRUE,FALSE,FALSE,FALSE,FALSE,FALSE,FALSE,N/A,N/A,N/A,Horse
Populate,Menagerie,Event,N/A,N/A,N/A,10,N/A,1,FALSE,FALSE,FALSE,FALSE,FALSE,FALSE,FALSE,FALSE,N/A,N/A,N/A,N/A
Pursue,Menagerie,Event,N/A,N/A,N/A,2,N/A,1,FALSE,FALSE,FALSE,FALSE,FALSE,FALSE,FALSE,FALSE,N/A,N/A,N/A,N/A
Reap,Menagerie,Event,N/A,N/A,N/A,7,N/A,1,FALSE,FALSE,FALSE,FALSE,FALSE,FALSE,FALSE,FALSE,N/A,N/A,N/A,N/A
Ride,Menagerie,Event,N/A,N/A,N/A,2,N/A,1,FALSE,FALSE,FALSE,FALSE,FALSE,FALSE,FALSE,FALSE,N/A,N/A,N/A,Horse
Sanctuary,Menagerie,Action,N/A,N/A,N/A,5,N/A,10,FALSE,TRUE,FALSE,FALSE,FALSE,FALSE,FALSE,FALSE,N/A,N/A,Exile,N/A
Scrap,Menagerie,Action,N/A,N/A,N/A,3,N/A,10,FALSE,TRUE,FALSE,FALSE,TRUE,FALSE,FALSE,FALSE,N/A,N/A,N/A,Horse
Seize The Day,Menagerie,Event,N/A,N/A,N/A,4,N/A,1,FALSE,FALSE,FALSE,FALSE,FALSE,FALSE,FALSE,FALSE,N/A,N/A,N/A,N/A
Sheepdog,Menagerie,Action,Reaction,N/A,N/A,3,N/A,10,FALSE,TRUE,FALSE,FALSE,FALSE,FALSE,FALSE,FALSE,N/A,N/A,N/A,N/A
Sleigh,Menagerie,Action,Reaction,N/A,N/A,2,N/A,10,FALSE,TRUE,FALSE,FALSE,FALSE,FALSE,FALSE,FALSE,N/A,N/A,N/A,Horse
Snowy Village,Menagerie,Action,N/A,N/A,N/A,3,N/A,10,FALSE,TRUE,FALSE,FALSE,FALSE,FALSE,FALSE,FALSE,N/A,N/A,N/A,N/A
Stempede,Menagerie,Event,N/A,N/A,N/A,5,N/A,1,FALSE,FALSE,FALSE,FALSE,FALSE,FALSE,FALSE,FALSE,N/A,N/A,N/A,Horse
Stockpile,Menagerie,Treasure,N/A,N/A,N/A,3,N/A,10,FALSE,TRUE,FALSE,FALSE,FALSE,FALSE,FALSE,FALSE,N/A,N/A,Exile,N/A
Supplies,Menagerie,Treasure,N/A,N/A,N/A,2,N/A,10,FALSE,TRUE,FALSE,FALSE,FALSE,FALSE,FALSE,FALSE,N/A,N/A,N/A,Horse
Toil,Menagerie,Event,N/A,N/A,N/A,2,N/A,1,FALSE,FALSE,FALSE,FALSE,FALSE,FALSE,FALSE,FALSE,N/A,N/A,N/A,N/A
Transport,Menagerie,Event,N/A,N/A,N/A,3,N/A,1,FALSE,FALSE,FALSE,FALSE,FALSE,FALSE,FALSE,FALSE,N/A,N/A,Exile,N/A
Village Green,Menagerie,Action,Duration,Reaction,N/A,4,N/A,10,FALSE,TRUE,FALSE,FALSE,FALSE,FALSE,FALSE,FALSE,N/A,N/A,N/A,N/A
Way Of The Butterfly,Menagerie,Way,N/A,N/A,N/A,N/A,N/A,1,FALSE,FALSE,FALSE,FALSE,FALSE,FALSE,FALSE,FALSE,N/A,N/A,N/A,N/A
Way Of The Camel,Menagerie,Way,N/A,N/A,N/A,N/A,N/A,1,FALSE,FALSE,FALSE,FALSE,FALSE,FALSE,FALSE,FALSE,N/A,N/A,Exile,N/A
Way Of The Chameleon,Menagerie,Way,N/A,N/A,N/A,N/A,N/A,1,FALSE,FALSE,FALSE,FALSE,FALSE,FALSE,FALSE,FALSE,N/A,N/A,N/A,N/A
Way Of The Frog,Menagerie,Way,N/A,N/A,N/A,N/A,N/A,1,FALSE,FALSE,FALSE,FALSE,FALSE,FALSE,FALSE,FALSE,N/A,N/A,N/A,N/A
Way Of The Goat,Menagerie,Way,N/A,N/A,N/A,N/A,N/A,1,FALSE,FALSE,FALSE,FALSE,TRUE,FALSE,FALSE,FALSE,N/A,N/A,N/A,N/A
Way Of The Goat,Menagerie,Way,N/A,N/A,N/A,N/A,N/A,1,FALSE,FALSE,FALSE,FALSE,FALSE,FALSE,FALSE,FALSE,N/A,N/A,N/A,N/A
Way Of The Mole,Menagerie,Way,N/A,N/A,N/A,N/A,N/A,1,FALSE,FALSE,FALSE,FALSE,FALSE,FALSE,FALSE,FALSE,N/A,N/A,N/A,N/A
Way Of The Monkey,Menagerie,Way,N/A,N/A,N/A,N/A,N/A,1,FALSE,FALSE,FALSE,FALSE,FALSE,FALSE,FALSE,FALSE,N/A,N/A,N/A,N/A
Way Of The Mouse,Menagerie,Way,N/A,N/A,N/A,N/A,N/A,1,FALSE,FALSE,FALSE,FALSE,FALSE,TRUE,FALSE,FALSE,N/A,N/A,N/A,N/A
Way Of The Mule,Menagerie,Way,N/A,N/A,N/A,N/A,N/A,1,FALSE,FALSE,FALSE,FALSE,FALSE,FALSE,FALSE,FALSE,N/A,N/A,N/A,N/A
Way Of The Otter,Menagerie,Way,N/A,N/A,N/A,N/A,N/A,1,FALSE,FALSE,FALSE,FALSE,FALSE,FALSE,FALSE,FALSE,N/A,N/A,N/A,N/A
Way Of The Owl,Menagerie,Way,N/A,N/A,N/A,N/A,N/A,1,FALSE,FALSE,FALSE,FALSE,FALSE,FALSE,FALSE,FALSE,N/A,N/A,N/A,N/A
Way Of The Ox,Menagerie,Way,N/A,N/A,N/A,N/A,N/A,1,FALSE,FALSE,FALSE,FALSE,FALSE,FALSE,FALSE,FALSE,N/A,N/A,N/A,N/A
Way Of The Pig,Menagerie,Way,N/A,N/A,N/A,N/A,N/A,1,FALSE,FALSE,FALSE,FALSE,FALSE,FALSE,FALSE,FALSE,N/A,N/A,N/A,N/A
Way Of The Rat,Menagerie,Way,N/A,N/A,N/A,N/A,N/A,1,FALSE,FALSE,FALSE,FALSE,FALSE,FALSE,FALSE,FALSE,N/A,N/A,N/A,N/A
Way Of The Seal,Menagerie,Way,N/A,N/A,N/A,N/A,N/A,1,FALSE,FALSE,FALSE,FALSE,FALSE,FALSE,FALSE,FALSE,N/A,N/A,N/A,N/A
Way Of The Sheep,Menagerie,Way,N/A,N/A,N/A,N/A,N/A,1,FALSE,FALSE,FALSE,FALSE,FALSE,FALSE,FALSE,FALSE,N/A,N/A,N/A,N/A
Way Of The Squirrel,Menagerie,Way,N/A,N/A,N/A,N/A,N/A,1,FALSE,FALSE,FALSE,FALSE,FALSE,FALSE,FALSE,FALSE,N/A,N/A,N/A,N/A
Way Of The Turtle,Menagerie,Way,N/A,N/A,N/A,N/A,N/A,1,FALSE,FALSE,FALSE,FALSE,FALSE,FALSE,FALSE,FALSE,N/A,N/A,N/A,N/A
Way Of The Worm,Menagerie,Way,N/A,N/A,N/A,N/A,N/A,1,FALSE,FALSE,FALSE,FALSE,FALSE,FALSE,FALSE,FALSE,N/A,N/A,Exile,N/A
Wayfarer,Menagerie,Action,N/A,N/A,N/A,6,N/A,10,TRUE,TRUE,FALSE,FALSE,FALSE,FALSE,FALSE,FALSE,N/A,N/A,N/A,N/A
Bad Omens,Nocturne,Hex,N/A,N/A,N/A,N/A,N/A,1,FALSE,FALSE,FALSE,FALSE,FALSE,FALSE,FALSE,FALSE,N/A,N/A,N/A,N/A
Bard,Nocturne,Action,Fate,N/A,N/A,4,N/A,10,FALSE,TRUE,FALSE,FALSE,FALSE,FALSE,FALSE,FALSE,N/A,N/A,N/A,Boons
Bat,Nocturne,Night,N/A,N/A,N/A,2,N/A,10,FALSE,FALSE,FALSE,FALSE,TRUE,FALSE,FALSE,FALSE,N/A,N/A,N/A,N/A
Blessed Village,Nocturne,Action,Fate,N/A,N/A,4,N/A,10,FALSE,TRUE,FALSE,TRUE,FALSE,FALSE,FALSE,FALSE,N/A,N/A,N/A,Boons
Cemetery,Nocturne,Victory,N/A,N/A,N/A,4,N/A,12,FALSE,TRUE,FALSE,TRUE,TRUE,FALSE,FALSE,FALSE,N/A,N/A,N/A,Haunted Mirror
Changeling,Nocturne,Night,N/A,N/A,N/A,3,N/A,10,FALSE,TRUE,FALSE,FALSE,FALSE,FALSE,FALSE,FALSE,N/A,N/A,N/A,N/A
Cobbler,Nocturne,Night,Duration,N/A,N/A,5,N/A,10,FALSE,TRUE,FALSE,FALSE,FALSE,FALSE,FALSE,FALSE,N/A,N/A,N/A,N/A
Conclave,Nocturne,Action,N/A,N/A,N/A,4,N/A,10,FALSE,TRUE,FALSE,FALSE,FALSE,FALSE,FALSE,FALSE,N/A,N/A,N/A,N/A
Crypt,Nocturne,Night,Duration,N/A,N/A,5,N/A,10,FALSE,TRUE,FALSE,FALSE,FALSE,FALSE,FALSE,FALSE,N/A,N/A,N/A,N/A
Cursed Gold,Nocturne,Treasure,Heirloom,N/A,N/A,4,N/A,6,FALSE,FALSE,FALSE,FALSE,FALSE,TRUE,TRUE,FALSE,N/A,N/A,N/A,N/A
Cursed Village,Nocturne,Action,Doom,N/A,N/A,5,N/A,10,FALSE,TRUE,FALSE,TRUE,FALSE,FALSE,FALSE,FALSE,N/A,N/A,N/A,Hexes
Deluded/Envious,Nocturne,State,N/A,N/A,N/A,N/A,N/A,6,FALSE,FALSE,FALSE,FALSE,FALSE,FALSE,FALSE,FALSE,N/A,N/A,N/A,N/A
Delusion,Nocturne,Hex,N/A,N/A,N/A,N/A,N/A,1,FALSE,FALSE,FALSE,FALSE,FALSE,FALSE,FALSE,FALSE,N/A,N/A,N/A,Deluded
Den Of Sin,Nocturne,Night,Duration,N/A,N/A,5,N/A,10,FALSE,TRUE,FALSE,TRUE,FALSE,FALSE,FALSE,FALSE,N/A,N/A,N/A,N/A
Devil's Workshop,Nocturne,Night,N/A,N/A,N/A,4,N/A,10,FALSE,TRUE,FALSE,FALSE,FALSE,FALSE,FALSE,FALSE,N/A,N/A,N/A,Imp
Druid,Nocturne,Action,Fate,N/A,N/A,2,N/A,10,FALSE,TRUE,FALSE,FALSE,FALSE,TRUE,FALSE,FALSE,N/A,N/A,N/A,Boons
Envy,Nocturne,Hex,N/A,N/A,N/A,N/A,N/A,1,FALSE,FALSE,FALSE,FALSE,FALSE,FALSE,FALSE,FALSE,N/A,N/A,N/A,Envious
Exorcist,Nocturne,Night,N/A,N/A,N/A,4,N/A,10,FALSE,TRUE,FALSE,FALSE,TRUE,FALSE,FALSE,FALSE,N/A,N/A,N/A,"Will-o'-Wisp, Imp, Ghost"
Faithful Hound,Nocturne,Action,Reaction,N/A,N/A,2,N/A,10,FALSE,TRUE,FALSE,FALSE,FALSE,FALSE,FALSE,FALSE,N/A,N/A,N/A,N/A
Famine,Nocturne,Hex,N/A,N/A,N/A,N/A,N/A,1,FALSE,FALSE,FALSE,FALSE,FALSE,FALSE,FALSE,FALSE,N/A,N/A,N/A,N/A
Fear,Nocturne,Hex,N/A,N/A,N/A,N/A,N/A,1,FALSE,FALSE,FALSE,FALSE,FALSE,FALSE,FALSE,FALSE,N/A,N/A,N/A,N/A
Fool,Nocturne,Action,Fate,N/A,N/A,3,N/A,10,FALSE,TRUE,FALSE,FALSE,FALSE,FALSE,FALSE,FALSE,N/A,N/A,N/A,"Boons, Lost in the Woods"
Ghost,Nocturne,Night,Duration,Spirit,N/A,4,N/A,6,FALSE,FALSE,FALSE,FALSE,FALSE,FALSE,FALSE,FALSE,N/A,N/A,N/A,N/A
Ghost Town,Nocturne,Night,Duration,N/A,N/A,3,N/A,10,FALSE,TRUE,FALSE,TRUE,FALSE,FALSE,FALSE,FALSE,N/A,N/A,N/A,N/A
Goat,Nocturne,Treasure,Heirloom,N/A,N/A,2,N/A,6,FALSE,FALSE,FALSE,FALSE,TRUE,TRUE,FALSE,FALSE,N/A,N/A,N/A,N/A
Greed,Nocturne,Hex,N/A,N/A,N/A,N/A,N/A,1,FALSE,FALSE,FALSE,FALSE,FALSE,FALSE,FALSE,FALSE,N/A,N/A,N/A,N/A
Guardian,Nocturne,Night,Duration,N/A,N/A,2,N/A,10,FALSE,TRUE,FALSE,TRUE,FALSE,FALSE,FALSE,FALSE,N/A,N/A,N/A,N/A
Haunted Mirror,Nocturne,Treasure,Heirloom,N/A,N/A,0,N/A,6,FALSE,FALSE,TRUE,FALSE,FALSE,TRUE,FALSE,FALSE,N/A,N/A,N/A,Ghost
Haunting,Nocturne,Hex,N/A,N/A,N/A,N/A,N/A,1,FALSE,FALSE,FALSE,FALSE,FALSE,FALSE,FALSE,FALSE,N/A,N/A,N/A,N/A
Idol,Nocturne,Treasure,Attack,Fate,N/A,5,N/A,10,FALSE,TRUE,FALSE,FALSE,FALSE,FALSE,TRUE,FALSE,N/A,N/A,N/A,Boons
Imp,Nocturne,Action,Spirit,N/A,N/A,2,N/A,13,FALSE,FALSE,FALSE,FALSE,FALSE,FALSE,FALSE,FALSE,N/A,N/A,N/A,N/A
Leprechaun,Nocturne,Action,Doom,N/A,N/A,3,N/A,10,FALSE,TRUE,FALSE,FALSE,FALSE,FALSE,FALSE,FALSE,N/A,N/A,N/A,"Wish, Hexes"
Locusts,Nocturne,Hex,N/A,N/A,N/A,N/A,N/A,1,FALSE,FALSE,FALSE,FALSE,TRUE,FALSE,TRUE,FALSE,N/A,N/A,N/A,N/A
Lost In The Woods,Nocturne,State,N/A,N/A,N/A,N/A,N/A,1,FALSE,FALSE,FALSE,FALSE,FALSE,FALSE,FALSE,FALSE,N/A,N/A,N/A,Boons
Lucky Coin,Nocturne,Treasure,Heirloom,N/A,N/A,4,N/A,6,FALSE,FALSE,FALSE,FALSE,FALSE,TRUE,FALSE,FALSE,N/A,N/A,N/A,N/A
Magic Lamp,Nocturne,Treasure,Heirloom,N/A,N/A,0,N/A,6,FALSE,FALSE,FALSE,FALSE,FALSE,TRUE,FALSE,FALSE,N/A,N/A,N/A,Wishes
Miserable/Twice Miserable,Nocturne,State,N/A,N/A,N/A,N/A,N/A,6,FALSE,FALSE,FALSE,FALSE,FALSE,FALSE,FALSE,FALSE,N/A,N/A,N/A,N/A
Misery,Nocturne,Hex,N/A,N/A,N/A,N/A,N/A,1,FALSE,FALSE,FALSE,FALSE,FALSE,FALSE,FALSE,FALSE,N/A,N/A,N/A,"Miserable, Twice Miserable"
Monastery,Nocturne,Night,N/A,N/A,N/A,2,N/A,10,FALSE,TRUE,FALSE,FALSE,TRUE,FALSE,FALSE,FALSE,N/A,N/A,N/A,N/A
Necromancer,Nocturne,Action,N/A,N/A,N/A,4,N/A,10,FALSE,TRUE,FALSE,FALSE,FALSE,FALSE,FALSE,FALSE,N/A,N/A,N/A,Zombies
Night Watchman,Nocturne,Night,N/A,N/A,N/A,3,N/A,10,FALSE,TRUE,FALSE,TRUE,FALSE,FALSE,FALSE,FALSE,N/A,N/A,N/A,N/A
Pasture,Nocturne,Treasure,Victory,Heirloom,N/A,2,N/A,6,FALSE,FALSE,FALSE,FALSE,FALSE,TRUE,FALSE,FALSE,N/A,N/A,N/A,N/A
Pixie,Nocturne,Action,Fate,N/A,N/A,2,N/A,10,FALSE,TRUE,FALSE,FALSE,FALSE,FALSE,FALSE,FALSE,N/A,N/A,N/A,"Boons, Goat"
Plague,Nocturne,Hex,N/A,N/A,N/A,N/A,N/A,1,FALSE,FALSE,FALSE,FALSE,FALSE,FALSE,TRUE,FALSE,N/A,N/A,N/A,N/A
Pooka,Nocturne,Action,N/A,N/A,N/A,5,N/A,10,FALSE,TRUE,FALSE,FALSE,TRUE,FALSE,FALSE,FALSE,N/A,N/A,N/A,Cursed Gold
Pouch,Nocturne,Treasure,Heirloom,N/A,N/A,2,N/A,6,FALSE,FALSE,FALSE,FALSE,FALSE,TRUE,FALSE,FALSE,N/A,N/A,N/A,N/A
Poverty,Nocturne,Hex,N/A,N/A,N/A,N/A,N/A,1,FALSE,FALSE,FALSE,FALSE,FALSE,FALSE,FALSE,FALSE,N/A,N/A,N/A,N/A
Raider,Nocturne,Night,Duration,Attack,N/A,6,N/A,10,FALSE,TRUE,FALSE,FALSE,FALSE,FALSE,FALSE,FALSE,N/A,N/A,N/A,N/A
Sacred Grove,Nocturne,Action,Fate,N/A,N/A,5,N/A,10,FALSE,TRUE,FALSE,FALSE,FALSE,FALSE,FALSE,FALSE,N/A,N/A,N/A,Boons
Secret Cave,Nocturne,Action,Duration,N/A,N/A,3,N/A,10,FALSE,TRUE,FALSE,FALSE,FALSE,FALSE,FALSE,FALSE,N/A,N/A,N/A,Magic Lamp
Sepherd,Nocturne,Action,N/A,N/A,N/A,4,N/A,10,FALSE,TRUE,FALSE,FALSE,FALSE,FALSE,FALSE,FALSE,N/A,N/A,N/A,Pasture
Skulk,Nocturne,Action,Attack,Doom,N/A,4,N/A,10,FALSE,TRUE,FALSE,TRUE,FALSE,FALSE,FALSE,FALSE,N/A,N/A,N/A,Hexes
The Earth's Gift,Nocturne,Boon,N/A,N/A,N/A,N/A,N/A,1,FALSE,FALSE,FALSE,FALSE,FALSE,FALSE,FALSE,FALSE,N/A,N/A,N/A,N/A
The Field's Gift,Nocturne,Boon,N/A,N/A,N/A,N/A,N/A,1,FALSE,FALSE,FALSE,FALSE,FALSE,FALSE,FALSE,FALSE,N/A,N/A,N/A,N/A
The Flame's Gift,Nocturne,Boon,N/A,N/A,N/A,N/A,N/A,1,FALSE,FALSE,FALSE,FALSE,TRUE,FALSE,FALSE,FALSE,N/A,N/A,N/A,N/A
The Forest's Gift,Nocturne,Boon,N/A,N/A,N/A,N/A,N/A,1,FALSE,FALSE,FALSE,FALSE,FALSE,FALSE,FALSE,FALSE,N/A,N/A,N/A,N/A
The Moon's Gift,Nocturne,Boon,N/A,N/A,N/A,N/A,N/A,1,FALSE,FALSE,FALSE,FALSE,FALSE,FALSE,FALSE,FALSE,N/A,N/A,N/A,N/A
The Mountain's Gift,Nocturne,Boon,N/A,N/A,N/A,N/A,N/A,1,FALSE,FALSE,FALSE,FALSE,FALSE,FALSE,FALSE,FALSE,N/A,N/A,N/A,N/A
The River's Gift,Nocturne,Boon,N/A,N/A,N/A,N/A,N/A,1,FALSE,FALSE,FALSE,FALSE,FALSE,FALSE,FALSE,FALSE,N/A,N/A,N/A,N/A
The Sea's Gift,Nocturne,Boon,N/A,N/A,N/A,N/A,N/A,1,FALSE,FALSE,FALSE,FALSE,FALSE,FALSE,FALSE,FALSE,N/A,N/A,N/A,N/A
The Sky's Gift,Nocturne,Boon,N/A,N/A,N/A,N/A,N/A,1,FALSE,FALSE,FALSE,FALSE,FALSE,FALSE,FALSE,FALSE,N/A,N/A,N/A,N/A
The Sun's Gift,Nocturne,Boon,N/A,N/A,N/A,N/A,N/A,1,FALSE,FALSE,FALSE,FALSE,FALSE,FALSE,FALSE,FALSE,N/A,N/A,N/A,N/A
The Swamp's Gift,Nocturne,Boon,N/A,N/A,N/A,N/A,N/A,1,FALSE,FALSE,FALSE,FALSE,FALSE,FALSE,FALSE,FALSE,N/A,N/A,N/A,Will-o'-Wisp
The Wind's Gift,Nocturne,Boon,N/A,N/A,N/A,N/A,N/A,1,FALSE,FALSE,FALSE,FALSE,FALSE,FALSE,FALSE,FALSE,N/A,N/A,N/A,N/A
Tormentor,Nocturne,Action,Attack,Doom,N/A,5,N/A,10,FALSE,TRUE,FALSE,FALSE,FALSE,FALSE,FALSE,FALSE,N/A,N/A,N/A,"Imp, Hexes"
Tracker,Nocturne,Action,Fate,N/A,N/A,2,N/A,10,FALSE,TRUE,FALSE,FALSE,FALSE,FALSE,FALSE,FALSE,N/A,N/A,N/A,"Boons, Pouch"
Tragic Hero,Nocturne,Action,N/A,N/A,N/A,5,N/A,10,FALSE,TRUE,FALSE,FALSE,FALSE,FALSE,FALSE,FALSE,N/A,N/A,N/A,N/A
Vampire,Nocturne,Night,Attack,Doom,N/A,5,N/A,10,FALSE,TRUE,FALSE,FALSE,FALSE,FALSE,FALSE,FALSE,N/A,N/A,N/A,"Bat, Hexes"
War,Nocturne,Hex,N/A,N/A,N/A,N/A,N/A,1,FALSE,FALSE,FALSE,FALSE,TRUE,FALSE,FALSE,FALSE,N/A,N/A,N/A,N/A
Werewolf,Nocturne,Action,Night,Attack,Doom,5,N/A,10,FALSE,TRUE,FALSE,FALSE,FALSE,FALSE,FALSE,FALSE,N/A,N/A,N/A,Hexes
Will-O'-Wisp,Nocturne,Action,Spirit,N/A,N/A,0,N/A,12,FALSE,FALSE,FALSE,FALSE,FALSE,FALSE,FALSE,FALSE,N/A,N/A,N/A,N/A
Wish,Nocturne,Action,N/A,N/A,N/A,0,N/A,12,FALSE,FALSE,FALSE,FALSE,FALSE,FALSE,FALSE,FALSE,N/A,N/A,N/A,N/A
Zombie Apprentice,Nocturne,Action,Zombie,N/A,N/A,3,N/A,1,FALSE,FALSE,FALSE,FALSE,TRUE,TRUE,FALSE,FALSE,N/A,N/A,N/A,N/A
Zombie Mason,Nocturne,Action,Zombie,N/A,N/A,3,N/A,1,FALSE,FALSE,FALSE,FALSE,TRUE,TRUE,FALSE,FALSE,N/A,N/A,N/A,N/A
Zombie Spy,Nocturne,Action,Zombie,N/A,N/A,3,N/A,1,FALSE,FALSE,FALSE,FALSE,FALSE,TRUE,FALSE,FALSE,N/A,N/A,N/A,N/A
Avanto,Promo,Action,N/A,N/A,N/A,5,N/A,5,FALSE,TRUE,FALSE,FALSE,FALSE,FALSE,FALSE,FALSE,N/A,N/A,N/A,N/A
Black Market,Promo,Action,N/A,N/A,N/A,3,N/A,10,FALSE,TRUE,FALSE,FALSE,FALSE,TRUE,FALSE,FALSE,N/A,N/A,N/A,N/A
Captain,Promo,Action,Duration,N/A,N/A,6,N/A,10,FALSE,TRUE,FALSE,FALSE,FALSE,FALSE,FALSE,FALSE,N/A,N/A,N/A,N/A
Church,Promo,Action,Duration,N/A,N/A,3,N/A,10,FALSE,TRUE,FALSE,FALSE,TRUE,FALSE,FALSE,FALSE,N/A,N/A,N/A,N/A
Dismantle,Promo,Action,N/A,N/A,N/A,4,N/A,10,FALSE,TRUE,FALSE,FALSE,TRUE,FALSE,FALSE,FALSE,N/A,N/A,N/A,N/A
Envoy,Promo,Action,N/A,N/A,N/A,4,N/A,10,FALSE,TRUE,FALSE,FALSE,FALSE,FALSE,FALSE,FALSE,N/A,N/A,N/A,N/A
Governor,Promo,Action,N/A,N/A,N/A,5,N/A,10,FALSE,TRUE,FALSE,FALSE,TRUE,FALSE,FALSE,FALSE,N/A,N/A,N/A,N/A
Prince,Promo,Action,N/A,N/A,N/A,8,N/A,10,FALSE,TRUE,FALSE,FALSE,FALSE,FALSE,FALSE,FALSE,N/A,N/A,N/A,N/A
Sauna,Promo,Action,N/A,N/A,N/A,4,N/A,5,FALSE,TRUE,FALSE,FALSE,TRUE,FALSE,FALSE,FALSE,N/A,N/A,N/A,N/A
Stash,Promo,Treasure,N/A,N/A,N/A,5,N/A,10,FALSE,TRUE,FALSE,FALSE,FALSE,FALSE,FALSE,FALSE,N/A,N/A,N/A,N/A
Summon,Promo,Event,N/A,N/A,N/A,5,N/A,1,FALSE,FALSE,FALSE,FALSE,FALSE,FALSE,FALSE,FALSE,N/A,N/A,N/A,N/A
Walled Village,Promo,Action,N/A,N/A,N/A,4,N/A,10,FALSE,TRUE,FALSE,FALSE,FALSE,FALSE,FALSE,FALSE,N/A,N/A,N/A,N/A
Bank,Prosperity,Treasure,N/A,N/A,N/A,7,N/A,10,FALSE,TRUE,FALSE,FALSE,FALSE,FALSE,FALSE,FALSE,N/A,N/A,N/A,N/A
Bishop,Prosperity,Action,N/A,N/A,N/A,4,N/A,10,FALSE,TRUE,FALSE,FALSE,TRUE,FALSE,FALSE,FALSE,Point,N/A,N/A,N/A
City,Prosperity,Action,N/A,N/A,N/A,5,N/A,10,FALSE,TRUE,FALSE,FALSE,FALSE,FALSE,FALSE,FALSE,N/A,N/A,N/A,N/A
Colony,Prosperity,Victory,N/A,N/A,N/A,11,N/A,12,FALSE,TRUE,FALSE,FALSE,FALSE,FALSE,FALSE,FALSE,N/A,N/A,N/A,N/A
Contraband,Prosperity,Treasure,N/A,N/A,N/A,5,N/A,10,FALSE,TRUE,FALSE,FALSE,FALSE,FALSE,FALSE,FALSE,N/A,N/A,N/A,N/A
Counting House,Prosperity,Action,N/A,N/A,N/A,5,N/A,10,FALSE,TRUE,FALSE,FALSE,FALSE,FALSE,FALSE,FALSE,N/A,N/A,N/A,N/A
Expand,Prosperity,Action,N/A,N/A,N/A,7,N/A,10,FALSE,TRUE,FALSE,FALSE,TRUE,FALSE,FALSE,FALSE,N/A,N/A,N/A,N/A
Forge,Prosperity,Action,N/A,N/A,N/A,7,N/A,10,FALSE,TRUE,FALSE,FALSE,TRUE,FALSE,FALSE,FALSE,N/A,N/A,N/A,N/A
Goons,Prosperity,Action,Attack,N/A,N/A,6,N/A,10,FALSE,TRUE,FALSE,FALSE,FALSE,FALSE,FALSE,FALSE,Point,N/A,N/A,N/A
Grand Market,Prosperity,Action,N/A,N/A,N/A,6,N/A,10,FALSE,TRUE,FALSE,FALSE,FALSE,FALSE,FALSE,FALSE,N/A,N/A,N/A,N/A
Hoard,Prosperity,Treasure,N/A,N/A,N/A,6,N/A,10,FALSE,TRUE,FALSE,FALSE,FALSE,FALSE,FALSE,FALSE,N/A,N/A,N/A,N/A
King's Court,Prosperity,Action,N/A,N/A,N/A,7,N/A,10,FALSE,TRUE,FALSE,FALSE,FALSE,FALSE,FALSE,FALSE,N/A,N/A,N/A,N/A
Loan,Prosperity,Treasure,N/A,N/A,N/A,3,N/A,10,FALSE,TRUE,FALSE,FALSE,TRUE,FALSE,FALSE,FALSE,N/A,N/A,N/A,N/A
Mint,Prosperity,Action,N/A,N/A,N/A,5,N/A,10,FALSE,TRUE,FALSE,FALSE,TRUE,FALSE,FALSE,FALSE,N/A,N/A,N/A,N/A
Monument,Prosperity,Action,N/A,N/A,N/A,4,N/A,10,FALSE,TRUE,FALSE,FALSE,FALSE,FALSE,FALSE,FALSE,Point,N/A,N/A,N/A
Mountebank,Prosperity,Action,Attack,N/A,N/A,5,N/A,10,FALSE,TRUE,FALSE,FALSE,FALSE,FALSE,TRUE,FALSE,N/A,N/A,N/A,N/A
Peddler,Prosperity,Action,N/A,N/A,N/A,8,N/A,10,TRUE,TRUE,FALSE,FALSE,FALSE,FALSE,FALSE,FALSE,N/A,N/A,N/A,N/A
Platinum,Prosperity,Treasure,N/A,N/A,N/A,9,N/A,12,FALSE,TRUE,FALSE,FALSE,FALSE,FALSE,FALSE,FALSE,N/A,N/A,N/A,N/A
Quarry,Prosperity,Treasure,N/A,N/A,N/A,4,N/A,10,FALSE,TRUE,FALSE,FALSE,FALSE,FALSE,FALSE,TRUE,N/A,N/A,N/A,N/A
Rabble,Prosperity,Action,Attack,N/A,N/A,5,N/A,10,FALSE,TRUE,FALSE,FALSE,FALSE,FALSE,FALSE,FALSE,N/A,N/A,N/A,N/A
Royal Seal,Prosperity,Treasure,N/A,N/A,N/A,5,N/A,10,FALSE,TRUE,FALSE,FALSE,FALSE,FALSE,FALSE,FALSE,N/A,N/A,N/A,N/A
Talisman,Prosperity,Treasure,N/A,N/A,N/A,4,N/A,10,FALSE,TRUE,FALSE,FALSE,FALSE,FALSE,FALSE,FALSE,N/A,N/A,N/A,N/A
Trade Route,Prosperity,Action,N/A,N/A,N/A,3,N/A,10,FALSE,TRUE,FALSE,FALSE,TRUE,TRUE,FALSE,FALSE,Token,N/A,Trade Route,N/A
Vault,Prosperity,Action,N/A,N/A,N/A,5,N/A,10,FALSE,TRUE,FALSE,FALSE,FALSE,FALSE,FALSE,FALSE,N/A,N/A,N/A,N/A
Venture,Prosperity,Treasure,N/A,N/A,N/A,5,N/A,10,FALSE,TRUE,FALSE,FALSE,FALSE,FALSE,FALSE,FALSE,N/A,N/A,N/A,N/A
Watchtower,Prosperity,Action,Reaction,N/A,N/A,3,N/A,10,FALSE,TRUE,FALSE,FALSE,TRUE,FALSE,FALSE,FALSE,N/A,N/A,N/A,N/A
Worker's Village,Prosperity,Action,N/A,N/A,N/A,4,N/A,10,FALSE,TRUE,FALSE,FALSE,FALSE,FALSE,FALSE,FALSE,N/A,N/A,N/A,N/A
Academy,Renaissance,Project,N/A,N/A,N/A,5,N/A,1,FALSE,FALSE,FALSE,FALSE,FALSE,FALSE,FALSE,FALSE,Coin,N/A,Coffers/Villagers,N/A
Acting Troupe,Renaissance,Action,N/A,N/A,N/A,3,N/A,10,FALSE,TRUE,FALSE,FALSE,FALSE,FALSE,FALSE,FALSE,Coin,N/A,Coffers/Villagers,N/A
Barracks,Renaissance,Project,N/A,N/A,N/A,6,N/A,1,FALSE,FALSE,FALSE,FALSE,FALSE,FALSE,FALSE,FALSE,N/A,N/A,N/A,N/A
Border Guard,Renaissance,Action,N/A,N/A,N/A,2,N/A,10,FALSE,TRUE,FALSE,FALSE,FALSE,FALSE,FALSE,FALSE,N/A,N/A,N/A,"Horn, Lantern"
Canal,Renaissance,Project,N/A,N/A,N/A,7,N/A,1,FALSE,FALSE,FALSE,FALSE,FALSE,FALSE,FALSE,TRUE,N/A,N/A,N/A,N/A
Capitalism,Renaissance,Project,N/A,N/A,N/A,5,N/A,1,FALSE,FALSE,FALSE,FALSE,FALSE,FALSE,FALSE,FALSE,N/A,N/A,N/A,N/A
Cargo Ship,Renaissance,Action,Duration,N/A,N/A,3,N/A,10,FALSE,TRUE,FALSE,FALSE,FALSE,FALSE,FALSE,FALSE,N/A,N/A,N/A,N/A
Cathedral,Renaissance,Project,N/A,N/A,N/A,3,N/A,1,FALSE,FALSE,FALSE,FALSE,TRUE,FALSE,FALSE,FALSE,N/A,N/A,N/A,N/A
Citadel,Renaissance,Project,N/A,N/A,N/A,8,N/A,1,FALSE,FALSE,FALSE,FALSE,FALSE,FALSE,FALSE,FALSE,N/A,N/A,N/A,N/A
City Gate,Renaissance,Project,N/A,N/A,N/A,3,N/A,1,FALSE,FALSE,FALSE,FALSE,FALSE,FALSE,FALSE,FALSE,N/A,N/A,N/A,N/A
Crop Rotation,Renaissance,Project,N/A,N/A,N/A,6,N/A,1,FALSE,FALSE,FALSE,FALSE,FALSE,FALSE,FALSE,FALSE,N/A,N/A,N/A,N/A
Ducat,Renaissance,Treasure,N/A,N/A,N/A,2,N/A,10,FALSE,TRUE,FALSE,TRUE,FALSE,FALSE,FALSE,FALSE,Coin,N/A,Coffers/Villagers,N/A
Experiment,Renaissance,Action,N/A,N/A,N/A,3,N/A,10,FALSE,TRUE,FALSE,TRUE,FALSE,FALSE,FALSE,FALSE,N/A,N/A,N/A,N/A
Exploration,Renaissance,Project,N/A,N/A,N/A,4,N/A,1,FALSE,FALSE,FALSE,FALSE,FALSE,FALSE,FALSE,FALSE,Coin,N/A,Coffers/Villagers,N/A
Fair,Renaissance,Project,N/A,N/A,N/A,4,N/A,1,FALSE,FALSE,FALSE,FALSE,FALSE,FALSE,FALSE,FALSE,N/A,N/A,N/A,N/A
Flag,Renaissance,Artifact,N/A,N/A,N/A,N/A,N/A,1,FALSE,FALSE,FALSE,FALSE,FALSE,FALSE,FALSE,FALSE,N/A,N/A,N/A,N/A
Flag Bearer,Renaissance,Action,N/A,N/A,N/A,4,N/A,10,FALSE,TRUE,TRUE,TRUE,FALSE,FALSE,FALSE,FALSE,N/A,N/A,N/A,Flag
Fleet,Renaissance,Project,N/A,N/A,N/A,5,N/A,1,FALSE,FALSE,FALSE,FALSE,FALSE,FALSE,FALSE,FALSE,N/A,N/A,N/A,N/A
Guildhall,Renaissance,Project,N/A,N/A,N/A,5,N/A,1,FALSE,FALSE,FALSE,FALSE,FALSE,FALSE,FALSE,FALSE,Coin,N/A,Coffers/Villagers,N/A
Hideout,Renaissance,Action,N/A,N/A,N/A,4,N/A,10,FALSE,TRUE,FALSE,FALSE,TRUE,FALSE,TRUE,FALSE,N/A,N/A,N/A,N/A
Horn,Renaissance,Artifact,N/A,N/A,N/A,N/A,N/A,1,FALSE,FALSE,FALSE,FALSE,FALSE,FALSE,FALSE,FALSE,N/A,N/A,N/A,N/A
Improve,Renaissance,Action,N/A,N/A,N/A,3,N/A,10,FALSE,TRUE,FALSE,FALSE,TRUE,FALSE,FALSE,FALSE,N/A,N/A,N/A,N/A
Innovation,Renaissance,Project,N/A,N/A,N/A,6,N/A,1,FALSE,FALSE,FALSE,FALSE,FALSE,FALSE,FALSE,FALSE,N/A,N/A,N/A,N/A
Inventor,Renaissance,Action,N/A,N/A,N/A,4,N/A,10,FALSE,TRUE,FALSE,FALSE,FALSE,FALSE,FALSE,TRUE,N/A,N/A,N/A,N/A
Key,Renaissance,Artifact,N/A,N/A,N/A,N/A,N/A,1,FALSE,FALSE,FALSE,FALSE,FALSE,FALSE,FALSE,FALSE,N/A,N/A,N/A,N/A
Lackeys,Renaissance,Action,N/A,N/A,N/A,2,N/A,10,FALSE,TRUE,FALSE,TRUE,FALSE,FALSE,FALSE,FALSE,Coin,N/A,Coffers/Villagers,N/A
Lantern,Renaissance,Artifact,N/A,N/A,N/A,N/A,N/A,1,FALSE,FALSE,FALSE,FALSE,FALSE,FALSE,FALSE,FALSE,N/A,N/A,N/A,N/A
Mountain Village,Renaissance,Action,N/A,N/A,N/A,4,N/A,10,FALSE,TRUE,FALSE,FALSE,FALSE,FALSE,FALSE,FALSE,N/A,N/A,N/A,N/A
Old Witch,Renaissance,Action,Attack,N/A,N/A,5,N/A,10,FALSE,TRUE,FALSE,FALSE,FALSE,FALSE,TRUE,FALSE,N/A,N/A,N/A,N/A
Pageant,Renaissance,Project,N/A,N/A,N/A,3,N/A,1,FALSE,FALSE,FALSE,FALSE,FALSE,FALSE,FALSE,FALSE,Coin,N/A,Coffers/Villagers,N/A
Patron,Renaissance,Action,Reaction,N/A,N/A,4,N/A,10,FALSE,TRUE,FALSE,FALSE,FALSE,FALSE,FALSE,FALSE,Coin,N/A,Coffers/Villagers,N/A
Piazza,Renaissance,Project,N/A,N/A,N/A,5,N/A,1,FALSE,FALSE,FALSE,FALSE,FALSE,FALSE,FALSE,FALSE,N/A,N/A,N/A,N/A
Priest,Renaissance,Action,N/A,N/A,N/A,4,N/A,10,FALSE,TRUE,FALSE,FALSE,TRUE,FALSE,FALSE,FALSE,N/A,N/A,N/A,N/A
Recruiter,Renaissance,Action,N/A,N/A,N/A,5,N/A,10,FALSE,TRUE,FALSE,FALSE,TRUE,FALSE,FALSE,FALSE,Coin,N/A,Coffers/Villagers,N/A
Research,Renaissance,Action,Duration,N/A,N/A,4,N/A,10,FALSE,TRUE,FALSE,FALSE,TRUE,FALSE,FALSE,FALSE,N/A,N/A,N/A,N/A
Road Network,Renaissance,Project,N/A,N/A,N/A,5,N/A,1,FALSE,FALSE,FALSE,FALSE,FALSE,FALSE,FALSE,FALSE,N/A,N/A,N/A,N/A
Scepter,Renaissance,Treasure,N/A,N/A,N/A,5,N/A,10,FALSE,TRUE,FALSE,FALSE,FALSE,FALSE,FALSE,FALSE,N/A,N/A,N/A,N/A
Scholar,Renaissance,Action,N/A,N/A,N/A,5,N/A,10,FALSE,TRUE,FALSE,FALSE,FALSE,FALSE,FALSE,FALSE,N/A,N/A,N/A,N/A
Sculptor,Renaissance,Action,N/A,N/A,N/A,5,N/A,10,FALSE,TRUE,FALSE,FALSE,FALSE,FALSE,FALSE,FALSE,Coin,N/A,Coffers/Villagers,N/A
Seer,Renaissance,Action,N/A,N/A,N/A,5,N/A,10,FALSE,TRUE,FALSE,FALSE,FALSE,FALSE,FALSE,FALSE,N/A,N/A,N/A,N/A
Sewers,Renaissance,Project,N/A,N/A,N/A,3,N/A,1,FALSE,FALSE,FALSE,FALSE,TRUE,FALSE,FALSE,FALSE,N/A,N/A,N/A,N/A
Silk Merchant,Renaissance,Action,N/A,N/A,N/A,4,N/A,10,FALSE,TRUE,TRUE,TRUE,FALSE,FALSE,FALSE,FALSE,Coin,N/A,Coffers/Villagers,N/A
Silos,Renaissance,Project,N/A,N/A,N/A,4,N/A,1,FALSE,FALSE,FALSE,FALSE,FALSE,FALSE,FALSE,FALSE,N/A,N/A,N/A,N/A
Sinister Plot,Renaissance,Project,N/A,N/A,N/A,4,N/A,1,FALSE,FALSE,FALSE,FALSE,FALSE,FALSE,FALSE,FALSE,Token,N/A,N/A,N/A
Spices,Renaissance,Treasure,N/A,N/A,N/A,5,N/A,10,FALSE,TRUE,FALSE,TRUE,FALSE,FALSE,FALSE,FALSE,Coin,N/A,Coffers/Villagers,N/A
Star Chart,Renaissance,Project,N/A,N/A,N/A,3,N/A,1,FALSE,FALSE,FALSE,FALSE,FALSE,FALSE,FALSE,FALSE,N/A,N/A,N/A,N/A
Swashbuckler,Renaissance,Action,N/A,N/A,N/A,5,N/A,10,FALSE,TRUE,FALSE,FALSE,FALSE,FALSE,FALSE,FALSE,Coin,N/A,Coffers/Villagers,Treasure Chest
Treasure Chest,Renaissance,Artifact,N/A,N/A,N/A,N/A,N/A,1,FALSE,FALSE,FALSE,FALSE,FALSE,FALSE,FALSE,FALSE,N/A,N/A,N/A,N/A
Treasurer ,Renaissance,Action,N/A,N/A,N/A,5,N/A,10,FALSE,TRUE,FALSE,FALSE,TRUE,FALSE,FALSE,FALSE,N/A,N/A,N/A,N/A
Villain,Renaissance,Action,Attack,N/A,N/A,5,N/A,10,FALSE,TRUE,FALSE,FALSE,FALSE,FALSE,FALSE,FALSE,Coin,N/A,Coffers/Villagers,N/A
Ambassador,Seaside,Action,Attack,N/A,N/A,3,N/A,10,FALSE,TRUE,FALSE,FALSE,FALSE,FALSE,FALSE,FALSE,N/A,N/A,N/A,N/A
Bazaar,Seaside,Action,N/A,N/A,N/A,5,N/A,10,FALSE,TRUE,FALSE,FALSE,FALSE,FALSE,FALSE,FALSE,N/A,N/A,N/A,N/A
Caravan,Seaside,Action,Duration,N/A,N/A,4,N/A,10,FALSE,TRUE,FALSE,FALSE,FALSE,FALSE,FALSE,FALSE,N/A,N/A,N/A,N/A
Cutpurse,Seaside,Action,Attack,N/A,N/A,4,N/A,10,FALSE,TRUE,FALSE,FALSE,FALSE,FALSE,FALSE,FALSE,N/A,N/A,N/A,N/A
Embargo,Seaside,Action,N/A,N/A,N/A,2,N/A,10,FALSE,TRUE,FALSE,FALSE,FALSE,FALSE,TRUE,FALSE,Embargo,N/A,N/A,N/A
Explorer,Seaside,Action,N/A,N/A,N/A,5,N/A,10,FALSE,TRUE,FALSE,FALSE,FALSE,FALSE,FALSE,FALSE,N/A,N/A,N/A,N/A
Fishing Village,Seaside,Action,Duration,N/A,N/A,3,N/A,10,FALSE,TRUE,FALSE,FALSE,FALSE,FALSE,FALSE,FALSE,N/A,N/A,N/A,N/A
Ghost Ship,Seaside,Action,Attack,N/A,N/A,5,N/A,10,FALSE,TRUE,FALSE,FALSE,FALSE,FALSE,FALSE,FALSE,N/A,N/A,N/A,N/A
Haven,Seaside,Action,Duration,N/A,N/A,5,N/A,10,FALSE,TRUE,FALSE,FALSE,FALSE,FALSE,FALSE,FALSE,N/A,N/A,N/A,N/A
Island,Seaside,Action,Victory,N/A,N/A,4,N/A,12,FALSE,TRUE,FALSE,FALSE,FALSE,FALSE,FALSE,FALSE,N/A,N/A,Island,N/A
Lighthouse,Seaside,Action,Duration,N/A,N/A,2,N/A,10,FALSE,TRUE,FALSE,FALSE,FALSE,FALSE,FALSE,FALSE,N/A,N/A,N/A,N/A
Lookout,Seaside,Action,N/A,N/A,N/A,3,N/A,10,FALSE,TRUE,FALSE,FALSE,TRUE,FALSE,FALSE,FALSE,N/A,N/A,N/A,N/A
Merchant,Seaside,Action,Duration,N/A,N/A,5,N/A,10,FALSE,TRUE,FALSE,FALSE,FALSE,FALSE,FALSE,FALSE,N/A,N/A,N/A,N/A
Native Village,Seaside,Action,N/A,N/A,N/A,2,N/A,10,FALSE,TRUE,FALSE,FALSE,FALSE,FALSE,FALSE,FALSE,N/A,N/A,Native Village,N/A
Navigator,Seaside,Action,N/A,N/A,N/A,4,N/A,10,FALSE,TRUE,FALSE,FALSE,FALSE,FALSE,FALSE,FALSE,N/A,N/A,N/A,N/A
Outpost,Seaside,Action,Duration,N/A,N/A,5,N/A,10,FALSE,TRUE,FALSE,FALSE,FALSE,FALSE,FALSE,FALSE,N/A,N/A,N/A,N/A
Pearl Diver,Seaside,Action,N/A,N/A,N/A,2,N/A,10,FALSE,TRUE,FALSE,FALSE,FALSE,FALSE,FALSE,FALSE,N/A,N/A,N/A,N/A
Pirate Ship,Seaside,Action,Attack,N/A,N/A,4,N/A,10,FALSE,TRUE,FALSE,FALSE,FALSE,FALSE,FALSE,FALSE,Coin,N/A,Pirate Ship,N/A
Salvager,Seaside,Action,N/A,N/A,N/A,4,N/A,10,FALSE,TRUE,FALSE,FALSE,TRUE,FALSE,FALSE,FALSE,N/A,N/A,N/A,N/A
Sea Hag,Seaside,Action,Attack,N/A,N/A,4,N/A,10,FALSE,TRUE,FALSE,FALSE,FALSE,FALSE,TRUE,FALSE,N/A,N/A,N/A,N/A
Smugglers,Seaside,Action,N/A,N/A,N/A,3,N/A,10,FALSE,TRUE,FALSE,FALSE,FALSE,FALSE,FALSE,FALSE,N/A,N/A,N/A,N/A
Tactician,Seaside,Action,Duration,N/A,N/A,5,N/A,10,FALSE,TRUE,FALSE,FALSE,FALSE,FALSE,FALSE,FALSE,N/A,N/A,N/A,N/A
Treasure Map,Seaside,Action,N/A,N/A,N/A,4,N/A,10,FALSE,TRUE,FALSE,FALSE,TRUE,FALSE,FALSE,FALSE,N/A,N/A,N/A,N/A
Treasury,Seaside,Action,N/A,N/A,N/A,5,N/A,10,FALSE,TRUE,FALSE,FALSE,FALSE,FALSE,FALSE,FALSE,N/A,N/A,N/A,N/A
Warehouse,Seaside,Action,N/A,N/A,N/A,3,N/A,10,FALSE,TRUE,FALSE,FALSE,FALSE,FALSE,FALSE,FALSE,N/A,N/A,N/A,N/A
Wharf,Seaside,Action,N/A,N/A,N/A,5,N/A,10,FALSE,TRUE,FALSE,FALSE,FALSE,FALSE,FALSE,FALSE,N/A,N/A,N/A,N/A